vecadd_basic,FP32,64,0.216355,true,"pthread-Intel(R) Core(TM) Ultra 9 185H",256,1,1,256,1,1,64,0.00354972
vecadd_basic,FP64,64,0.099619,true,"pthread-Intel(R) Core(TM) Ultra 9 185H",256,1,1,256,1,1,64,0.0154187
vecadd_basic,FP32,256,0.172675,true,"pthread-Intel(R) Core(TM) Ultra 9 185H",256,1,1,256,1,1,256,0.0177906
vecadd_basic,FP64,256,0.085423,true,"pthread-Intel(R) Core(TM) Ultra 9 185H",256,1,1,256,1,1,256,0.0719244
vecadd_basic,FP32,1024,0.123649,true,"pthread-Intel(R) Core(TM) Ultra 9 185H",1024,1,1,256,1,1,1024,0.0993781
vecadd_basic,FP64,1024,0.105399,true,"pthread-Intel(R) Core(TM) Ultra 9 185H",1024,1,1,256,1,1,1024,0.233171
vecadd_basic,FP32,4096,0.035956,true,"pthread-Intel(R) Core(TM) Ultra 9 185H",4096,1,1,256,1,1,4096,1.367
vecadd_basic,FP64,4096,0.055707,true,"pthread-Intel(R) Core(TM) Ultra 9 185H",4096,1,1,256,1,1,4096,1.76466
dot_global,FP32,256,0.102926,true,"pthread-Intel(R) Core(TM) Ultra 9 185H",256,1,1,256,1,1,512,0.0298467
dot_global,FP64,256,0.144424,true,"pthread-Intel(R) Core(TM) Ultra 9 185H",256,1,1,256,1,1,512,0.0425414
dot_global,FP32,1024,0.050753,true,"pthread-Intel(R) Core(TM) Ultra 9 185H",1024,1,1,256,1,1,2048,0.242114
dot_global,FP64,1024,0.045835,true,"pthread-Intel(R) Core(TM) Ultra 9 185H",1024,1,1,256,1,1,2048,0.536184
dot_global,FP32,4096,0.019841,true,"pthread-Intel(R) Core(TM) Ultra 9 185H",4096,1,1,256,1,1,8192,2.47729
dot_global,FP64,4096,0.038472,true,"pthread-Intel(R) Core(TM) Ultra 9 185H",4096,1,1,256,1,1,8192,2.55521
dot_shared,FP32,256,0.116725,true,"pthread-Intel(R) Core(TM) Ultra 9 185H",256,1,1,256,1,1,512,0.0263183
dot_shared,FP64,256,0.116843,true,"pthread-Intel(R) Core(TM) Ultra 9 185H",256,1,1,256,1,1,512,0.0525834
dot_shared,FP32,1024,0.042101,true,"pthread-Intel(R) Core(TM) Ultra 9 185H",1024,1,1,256,1,1,2048,0.29187
dot_shared,FP64,1024,0.028566,true,"pthread-Intel(R) Core(TM) Ultra 9 185H",1024,1,1,256,1,1,2048,0.860323
dot_shared,FP32,4096,0.056157,true,"pthread-Intel(R) Core(TM) Ultra 9 185H",4096,1,1,256,1,1,8192,0.87526
dot_shared,FP64,4096,0.040375,true,"pthread-Intel(R) Core(TM) Ultra 9 185H",4096,1,1,256,1,1,8192,2.43477
gemv_global,FP32,16,0.083379,true,"pthread-Intel(R) Core(TM) Ultra 9 185H",256,1,1,256,1,1,512,0.0138164
gemv_global,FP64,16,0.109889,true,"pthread-Intel(R) Core(TM) Ultra 9 185H",256,1,1,256,1,1,512,0.0209666
gemv_global,FP32,32,0.001798,true,"pthread-Intel(R) Core(TM) Ultra 9 185H",256,1,1,256,1,1,2048,2.42047
gemv_global,FP64,32,0.001982,true,"pthread-Intel(R) Core(TM) Ultra 9 185H",256,1,1,256,1,1,2048,4.39152
gemv_global,FP32,64,0.002947,true,"pthread-Intel(R) Core(TM) Ultra 9 185H",256,1,1,256,1,1,8192,5.73329
gemv_global,FP64,64,0.036922,true,"pthread-Intel(R) Core(TM) Ultra 9 185H",256,1,1,256,1,1,8192,0.915227
gemv_global,FP32,128,0.007115,true,"pthread-Intel(R) Core(TM) Ultra 9 185H",256,1,1,256,1,1,32768,9.35488
gemv_global,FP64,128,0.007509,true,"pthread-Intel(R) Core(TM) Ultra 9 185H",256,1,1,256,1,1,32768,17.7281
matmul_global,FP32,16,0.115087,true,"pthread-Intel(R) Core(TM) Ultra 9 185H",16,16,1,16,16,1,8192,0.0266928
matmul_global,FP64,16,0.105312,true,"pthread-Intel(R) Core(TM) Ultra 9 185H",16,16,1,16,16,1,8192,0.0583409
matmul_global,FP32,32,0.0349,true,"pthread-Intel(R) Core(TM) Ultra 9 185H",32,32,1,16,16,1,65536,0.352092
matmul_global,FP64,32,0.060721,true,"pthread-Intel(R) Core(TM) Ultra 9 185H",32,32,1,16,16,1,65536,0.404736
matmul_global,FP32,64,0.059457,true,"pthread-Intel(R) Core(TM) Ultra 9 185H",64,64,1,16,16,1,524288,0.826681
matmul_global,FP64,64,0.252656,true,"pthread-Intel(R) Core(TM) Ultra 9 185H",64,64,1,16,16,1,524288,0.389082
matmul_global,FP32,128,0.298762,true,"pthread-Intel(R) Core(TM) Ultra 9 185H",128,128,1,16,16,1,4.1943e+06,0.658076
matmul_global,FP64,128,0.266827,true,"pthread-Intel(R) Core(TM) Ultra 9 185H",128,128,1,16,16,1,4.1943e+06,1.47367
matmul_shared,FP32,16,0.160034,true,"pthread-Intel(R) Core(TM) Ultra 9 185H",16,16,1,16,16,1,8192,0.0191959
matmul_shared,FP64,16,0.143447,true,"pthread-Intel(R) Core(TM) Ultra 9 185H",16,16,1,16,16,1,8192,0.0428312
matmul_shared,FP32,32,0.067573,true,"pthread-Intel(R) Core(TM) Ultra 9 185H",32,32,1,16,16,1,65536,0.181848
matmul_shared,FP64,32,0.039797,true,"pthread-Intel(R) Core(TM) Ultra 9 185H",32,32,1,16,16,1,65536,0.617534
matmul_shared,FP32,64,0.122519,true,"pthread-Intel(R) Core(TM) Ultra 9 185H",64,64,1,16,16,1,524288,0.401179
matmul_shared,FP64,64,0.155093,true,"pthread-Intel(R) Core(TM) Ultra 9 185H",64,64,1,16,16,1,524288,0.633839
matmul_shared,FP32,128,0.415768,true,"pthread-Intel(R) Core(TM) Ultra 9 185H",128,128,1,16,16,1,4.1943e+06,0.472879
matmul_shared,FP64,128,0.433312,true,"pthread-Intel(R) Core(TM) Ultra 9 185H",128,128,1,16,16,1,4.1943e+06,0.907466
reduction_global,FP32,256,0.136799,true,"pthread-Intel(R) Core(TM) Ultra 9 185H",256,1,1,256,1,1,256,0.0149709
reduction_global,FP64,256,0.131224,true,"pthread-Intel(R) Core(TM) Ultra 9 185H",256,1,1,256,1,1,256,0.0312138
reduction_global,FP32,1024,0.130663,true,"pthread-Intel(R) Core(TM) Ultra 9 185H",1024,1,1,256,1,1,1024,0.0626956
reduction_global,FP64,1024,0.032189,true,"pthread-Intel(R) Core(TM) Ultra 9 185H",1024,1,1,256,1,1,1024,0.508994
reduction_global,FP32,4096,0.034301,true,"pthread-Intel(R) Core(TM) Ultra 9 185H",4096,1,1,256,1,1,4096,0.955307
reduction_global,FP64,4096,0.034172,true,"pthread-Intel(R) Core(TM) Ultra 9 185H",4096,1,1,256,1,1,4096,1.91783
reduction_shared,FP32,256,0.125575,true,"pthread-Intel(R) Core(TM) Ultra 9 185H",256,1,1,256,1,1,256,0.016309
reduction_shared,FP64,256,0.123972,true,"pthread-Intel(R) Core(TM) Ultra 9 185H",256,1,1,256,1,1,256,0.0330397
reduction_shared,FP32,1024,0.044614,true,"pthread-Intel(R) Core(TM) Ultra 9 185H",1024,1,1,256,1,1,1024,0.183619
reduction_shared,FP64,1024,0.051353,true,"pthread-Intel(R) Core(TM) Ultra 9 185H",1024,1,1,256,1,1,1024,0.319047
reduction_shared,FP32,4096,0.042446,true,"pthread-Intel(R) Core(TM) Ultra 9 185H",4096,1,1,256,1,1,4096,0.771993
reduction_shared,FP64,4096,0.041945,true,"pthread-Intel(R) Core(TM) Ultra 9 185H",4096,1,1,256,1,1,4096,1.56243
scan_shared,FP32,256,0.133176,true,"pthread-Intel(R) Core(TM) Ultra 9 185H",256,1,1,256,1,1,256,0.0153781
scan_shared,FP64,256,0.134149,true,"pthread-Intel(R) Core(TM) Ultra 9 185H",256,1,1,256,1,1,256,0.0305332
scan_shared,FP32,1024,0.056833,false,"pthread-Intel(R) Core(TM) Ultra 9 185H",1024,1,1,256,1,1,1024,0.144142
scan_shared,FP64,1024,0.040198,false,"pthread-Intel(R) Core(TM) Ultra 9 185H",1024,1,1,256,1,1,1024,0.407582
scan_shared,FP32,4096,0.058745,false,"pthread-Intel(R) Core(TM) Ultra 9 185H",4096,1,1,256,1,1,4096,0.557801
scan_shared,FP64,4096,0.040223,false,"pthread-Intel(R) Core(TM) Ultra 9 185H",4096,1,1,256,1,1,4096,1.62932
spmv_csr,FP32,128,0.111266,true,"pthread-Intel(R) Core(TM) Ultra 9 185H",256,1,1,256,1,1,1280,0.0598566
spmv_csr,FP64,128,0.113716,true,"pthread-Intel(R) Core(TM) Ultra 9 185H",256,1,1,256,1,1,1280,0.0900841
spmv_csr,FP32,256,0.002048,true,"pthread-Intel(R) Core(TM) Ultra 9 185H",256,1,1,256,1,1,2560,6.50195
spmv_csr,FP64,256,0.02591,true,"pthread-Intel(R) Core(TM) Ultra 9 185H",256,1,1,256,1,1,2560,0.790583
spmv_csr,FP32,512,0.041551,true,"pthread-Intel(R) Core(TM) Ultra 9 185H",512,1,1,256,1,1,5120,0.640851
spmv_csr,FP64,512,0.047679,true,"pthread-Intel(R) Core(TM) Ultra 9 185H",512,1,1,256,1,1,5120,0.859162
softmax_basic,FP32,64,0.151876,false,"pthread-Intel(R) Core(TM) Ultra 9 185H",256,1,1,256,1,1,256,0.00337117
softmax_basic,FP64,64,0.165681,false,"pthread-Intel(R) Core(TM) Ultra 9 185H",256,1,1,256,1,1,256,0.00618055
softmax_basic,FP32,128,0.006418,false,"pthread-Intel(R) Core(TM) Ultra 9 185H",256,1,1,256,1,1,512,0.159551
softmax_basic,FP64,128,0.021191,false,"pthread-Intel(R) Core(TM) Ultra 9 185H",256,1,1,256,1,1,512,0.0966448
softmax_basic,FP32,256,0.006113,false,"pthread-Intel(R) Core(TM) Ultra 9 185H",256,1,1,256,1,1,1024,0.335024
softmax_basic,FP64,256,0.027118,false,"pthread-Intel(R) Core(TM) Ultra 9 185H",256,1,1,256,1,1,1024,0.151044
activation_relu,FP32,1024,0.100235,true,"pthread-Intel(R) Core(TM) Ultra 9 185H",1024,1,1,256,1,1,1024,0.0817279
activation_relu,FP64,1024,0.11689,true,"pthread-Intel(R) Core(TM) Ultra 9 185H",1024,1,1,256,1,1,1024,0.140166
activation_relu,FP32,4096,0.042696,true,"pthread-Intel(R) Core(TM) Ultra 9 185H",4096,1,1,256,1,1,4096,0.767472
activation_relu,FP64,4096,0.027364,true,"pthread-Intel(R) Core(TM) Ultra 9 185H",4096,1,1,256,1,1,4096,2.39497
activation_gelu,FP32,1024,0.136814,false,"pthread-Intel(R) Core(TM) Ultra 9 185H",1024,1,1,256,1,1,20480,0.0598769
activation_gelu,FP64,1024,0.22584,false,"pthread-Intel(R) Core(TM) Ultra 9 185H",1024,1,1,256,1,1,20480,0.0725469
activation_gelu,FP32,4096,0.079538,false,"pthread-Intel(R) Core(TM) Ultra 9 185H",4096,1,1,256,1,1,81920,0.411979
activation_gelu,FP64,4096,0.200299,false,"pthread-Intel(R) Core(TM) Ultra 9 185H",4096,1,1,256,1,1,81920,0.327191
bfs_basic,INT,256,0.184095,true,"pthread-Intel(R) Core(TM) Ultra 9 185H",256,1,1,256,1,1,0,0.0445205
bfs_basic,INT,512,0.041956,true,"pthread-Intel(R) Core(TM) Ultra 9 185H",512,1,1,256,1,1,0,0.3906
dfs_basic,INT,256,0.122132,true,"pthread-Intel(R) Core(TM) Ultra 9 185H",256,1,1,256,1,1,0,0.0671077
dfs_basic,INT,512,0.048612,true,"pthread-Intel(R) Core(TM) Ultra 9 185H",512,1,1,256,1,1,0,0.337118
pagerank_basic,FP32,128,0.128531,true,"pthread-Intel(R) Core(TM) Ultra 9 185H",256,1,1,256,1,1,0,0.0318989
pagerank_basic,FP64,128,0.127587,true,"pthread-Intel(R) Core(TM) Ultra 9 185H",256,1,1,256,1,1,0,0.0401608
pagerank_basic,FP32,256,0.006917,true,"pthread-Intel(R) Core(TM) Ultra 9 185H",256,1,1,256,1,1,0,1.18491
pagerank_basic,FP64,256,0.029659,true,"pthread-Intel(R) Core(TM) Ultra 9 185H",256,1,1,256,1,1,0,0.345393
stencil2d_3x3,FP32,32,0.614333,false,"pthread-Intel(R) Core(TM) Ultra 9 185H",32,32,1,16,16,1,9216,0.0133348
stencil2d_3x3,FP64,32,0.271682,false,"pthread-Intel(R) Core(TM) Ultra 9 185H",32,32,1,16,16,1,9216,0.0603058
stencil2d_3x3,FP32,64,0.094728,false,"pthread-Intel(R) Core(TM) Ultra 9 185H",64,64,1,16,16,1,36864,0.345917
stencil2d_3x3,FP64,64,0.070459,false,"pthread-Intel(R) Core(TM) Ultra 9 185H",64,64,1,16,16,1,36864,0.93013
stencil2d_5x5,FP32,32,0.307455,false,"pthread-Intel(R) Core(TM) Ultra 9 185H",32,32,1,16,16,1,25600,0.0266445
stencil2d_5x5,FP64,32,0.262878,false,"pthread-Intel(R) Core(TM) Ultra 9 185H",32,32,1,16,16,1,25600,0.0623255
stencil2d_5x5,FP32,64,0.131235,false,"pthread-Intel(R) Core(TM) Ultra 9 185H",64,64,1,16,16,1,102400,0.249689
stencil2d_5x5,FP64,64,0.111873,false,"pthread-Intel(R) Core(TM) Ultra 9 185H",64,64,1,16,16,1,102400,0.585807
stencil3d_global,FP32,16,0.32579,false,"pthread-Intel(R) Core(TM) Ultra 9 185H",16,16,16,8,8,2,110592,0.10058
stencil3d_global,FP64,16,0.262301,false,"pthread-Intel(R) Core(TM) Ultra 9 185H",16,16,16,8,8,2,110592,0.24985
stencil3d_global,FP32,32,0.133728,false,"pthread-Intel(R) Core(TM) Ultra 9 185H",32,32,32,8,8,2,884736,1.96028
stencil3d_global,FP64,32,0.082196,false,"pthread-Intel(R) Core(TM) Ultra 9 185H",32,32,32,8,8,2,884736,6.37851
stencil3d_shared,FP32,16,0.260463,false,"pthread-Intel(R) Core(TM) Ultra 9 185H",16,16,16,8,8,2,110592,0.125807
stencil3d_shared,FP64,16,0.268212,false,"pthread-Intel(R) Core(TM) Ultra 9 185H",16,16,16,8,8,2,110592,0.244344
stencil3d_shared,FP32,32,0.162903,false,"pthread-Intel(R) Core(TM) Ultra 9 185H",32,32,32,8,8,2,884736,1.6092
stencil3d_shared,FP64,32,0.133421,false,"pthread-Intel(R) Core(TM) Ultra 9 185H",32,32,32,8,8,2,884736,3.92958
histogram_global,INT,1024,0.319529,true,"pthread-Intel(R) Core(TM) Ultra 9 185H",1024,1,1,256,1,1,0,0.0160236
histogram_global,INT,4096,0.232366,true,"pthread-Intel(R) Core(TM) Ultra 9 185H",4096,1,1,256,1,1,0,0.0749163
histogram_shared,INT,1024,0.283078,true,"pthread-Intel(R) Core(TM) Ultra 9 185H",1024,1,1,256,1,1,0,0.0180869
histogram_shared,INT,4096,0.114925,true,"pthread-Intel(R) Core(TM) Ultra 9 185H",4096,1,1,256,1,1,0,0.151473
sort_bitonic,INT,256,0.791965,false,"pthread-Intel(R) Core(TM) Ultra 9 185H",128,1,1,128,1,1,0,0.00129299
sort_bitonic,INT,1024,0.762289,false,"pthread-Intel(R) Core(TM) Ultra 9 185H",512,1,1,128,1,1,0,0.00537329
vecadd_basic,FP32,64,0.189158,true,"pthread-Intel(R) Core(TM) Ultra 9 185H",256,1,1,256,1,1,64,0.0040601
vecadd_basic,FP64,64,0.113956,true,"pthread-Intel(R) Core(TM) Ultra 9 185H",256,1,1,256,1,1,64,0.0134789
vecadd_basic,FP32,256,0.007569,true,"pthread-Intel(R) Core(TM) Ultra 9 185H",256,1,1,256,1,1,256,0.405866
vecadd_basic,FP64,256,0.024978,true,"pthread-Intel(R) Core(TM) Ultra 9 185H",256,1,1,256,1,1,256,0.245976
vecadd_basic,FP32,1024,0.039134,true,"pthread-Intel(R) Core(TM) Ultra 9 185H",1024,1,1,256,1,1,1024,0.313998
vecadd_basic,FP64,1024,0.03305,true,"pthread-Intel(R) Core(TM) Ultra 9 185H",1024,1,1,256,1,1,1024,0.743601
vecadd_basic,FP32,4096,0.044129,true,"pthread-Intel(R) Core(TM) Ultra 9 185H",4096,1,1,256,1,1,4096,1.11383
vecadd_basic,FP64,4096,0.028633,true,"pthread-Intel(R) Core(TM) Ultra 9 185H",4096,1,1,256,1,1,4096,3.43324
dot_global,FP32,256,0.087814,true,"pthread-Intel(R) Core(TM) Ultra 9 185H",256,1,1,256,1,1,512,0.034983
dot_global,FP64,256,0.093995,true,"pthread-Intel(R) Core(TM) Ultra 9 185H",256,1,1,256,1,1,512,0.0653652
dot_global,FP32,1024,0.042632,true,"pthread-Intel(R) Core(TM) Ultra 9 185H",1024,1,1,256,1,1,2048,0.288234
dot_global,FP64,1024,0.030577,true,"pthread-Intel(R) Core(TM) Ultra 9 185H",1024,1,1,256,1,1,2048,0.803741
dot_global,FP32,4096,0.050355,true,"pthread-Intel(R) Core(TM) Ultra 9 185H",4096,1,1,256,1,1,8192,0.97611
dot_global,FP64,4096,0.051285,true,"pthread-Intel(R) Core(TM) Ultra 9 185H",4096,1,1,256,1,1,8192,1.91682
dot_shared,FP32,256,0.13184,true,"pthread-Intel(R) Core(TM) Ultra 9 185H",256,1,1,256,1,1,512,0.023301
dot_shared,FP64,256,0.124267,true,"pthread-Intel(R) Core(TM) Ultra 9 185H",256,1,1,256,1,1,512,0.0494419
dot_shared,FP32,1024,0.087093,true,"pthread-Intel(R) Core(TM) Ultra 9 185H",1024,1,1,256,1,1,2048,0.141091
dot_shared,FP64,1024,0.04101,true,"pthread-Intel(R) Core(TM) Ultra 9 185H",1024,1,1,256,1,1,2048,0.599268
dot_shared,FP32,4096,0.042905,true,"pthread-Intel(R) Core(TM) Ultra 9 185H",4096,1,1,256,1,1,8192,1.1456
dot_shared,FP64,4096,0.050767,true,"pthread-Intel(R) Core(TM) Ultra 9 185H",4096,1,1,256,1,1,8192,1.93638
gemv_global,FP32,16,0.099486,true,"pthread-Intel(R) Core(TM) Ultra 9 185H",256,1,1,256,1,1,512,0.0115795
gemv_global,FP64,16,0.065763,true,"pthread-Intel(R) Core(TM) Ultra 9 185H",256,1,1,256,1,1,512,0.0350349
gemv_global,FP32,32,0.00204,true,"pthread-Intel(R) Core(TM) Ultra 9 185H",256,1,1,256,1,1,2048,2.13333
gemv_global,FP64,32,0.028561,true,"pthread-Intel(R) Core(TM) Ultra 9 185H",256,1,1,256,1,1,2048,0.304751
gemv_global,FP32,64,0.002863,true,"pthread-Intel(R) Core(TM) Ultra 9 185H",256,1,1,256,1,1,8192,5.9015
gemv_global,FP64,64,0.003076,true,"pthread-Intel(R) Core(TM) Ultra 9 185H",256,1,1,256,1,1,8192,10.9857
gemv_global,FP32,128,0.014756,true,"pthread-Intel(R) Core(TM) Ultra 9 185H",256,1,1,256,1,1,32768,4.51071
gemv_global,FP64,128,0.007617,true,"pthread-Intel(R) Core(TM) Ultra 9 185H",256,1,1,256,1,1,32768,17.4767
matmul_global,FP32,16,0.145003,true,"pthread-Intel(R) Core(TM) Ultra 9 185H",16,16,1,16,16,1,8192,0.0211858
matmul_global,FP64,16,0.126507,true,"pthread-Intel(R) Core(TM) Ultra 9 185H",16,16,1,16,16,1,8192,0.0485665
matmul_global,FP32,32,0.031606,true,"pthread-Intel(R) Core(TM) Ultra 9 185H",32,32,1,16,16,1,65536,0.388787
matmul_global,FP64,32,0.042933,true,"pthread-Intel(R) Core(TM) Ultra 9 185H",32,32,1,16,16,1,65536,0.572427
matmul_global,FP32,64,0.072255,true,"pthread-Intel(R) Core(TM) Ultra 9 185H",64,64,1,16,16,1,524288,0.680257
matmul_global,FP64,64,0.084365,true,"pthread-Intel(R) Core(TM) Ultra 9 185H",64,64,1,16,16,1,524288,1.16522
matmul_global,FP32,128,0.274725,true,"pthread-Intel(R) Core(TM) Ultra 9 185H",128,128,1,16,16,1,4.1943e+06,0.715654
matmul_global,FP64,128,0.261208,true,"pthread-Intel(R) Core(TM) Ultra 9 185H",128,128,1,16,16,1,4.1943e+06,1.50538
matmul_shared,FP32,16,0.191929,true,"pthread-Intel(R) Core(TM) Ultra 9 185H",16,16,1,16,16,1,8192,0.0160059
matmul_shared,FP64,16,0.143951,true,"pthread-Intel(R) Core(TM) Ultra 9 185H",16,16,1,16,16,1,8192,0.0426812
matmul_shared,FP32,32,0.062392,true,"pthread-Intel(R) Core(TM) Ultra 9 185H",32,32,1,16,16,1,65536,0.196948
matmul_shared,FP64,32,0.083903,true,"pthread-Intel(R) Core(TM) Ultra 9 185H",32,32,1,16,16,1,65536,0.29291
matmul_shared,FP32,64,0.112757,true,"pthread-Intel(R) Core(TM) Ultra 9 185H",64,64,1,16,16,1,524288,0.435911
matmul_shared,FP64,64,0.115205,true,"pthread-Intel(R) Core(TM) Ultra 9 185H",64,64,1,16,16,1,524288,0.853296
matmul_shared,FP32,128,0.431703,true,"pthread-Intel(R) Core(TM) Ultra 9 185H",128,128,1,16,16,1,4.1943e+06,0.455424
matmul_shared,FP64,128,0.425359,true,"pthread-Intel(R) Core(TM) Ultra 9 185H",128,128,1,16,16,1,4.1943e+06,0.924433
reduction_global,FP32,256,0.143935,true,"pthread-Intel(R) Core(TM) Ultra 9 185H",256,1,1,256,1,1,256,0.0142286
reduction_global,FP64,256,0.129233,true,"pthread-Intel(R) Core(TM) Ultra 9 185H",256,1,1,256,1,1,256,0.0316947
reduction_global,FP32,1024,0.040388,true,"pthread-Intel(R) Core(TM) Ultra 9 185H",1024,1,1,256,1,1,1024,0.202833
reduction_global,FP64,1024,0.03799,true,"pthread-Intel(R) Core(TM) Ultra 9 185H",1024,1,1,256,1,1,1024,0.431271
reduction_global,FP32,4096,0.050686,true,"pthread-Intel(R) Core(TM) Ultra 9 185H",4096,1,1,256,1,1,4096,0.64649
reduction_global,FP64,4096,0.036386,true,"pthread-Intel(R) Core(TM) Ultra 9 185H",4096,1,1,256,1,1,4096,1.80113
reduction_shared,FP32,256,0.108138,true,"pthread-Intel(R) Core(TM) Ultra 9 185H",256,1,1,256,1,1,256,0.0189388
reduction_shared,FP64,256,0.141002,true,"pthread-Intel(R) Core(TM) Ultra 9 185H",256,1,1,256,1,1,256,0.0290492
reduction_shared,FP32,1024,0.049859,true,"pthread-Intel(R) Core(TM) Ultra 9 185H",1024,1,1,256,1,1,1024,0.164303
reduction_shared,FP64,1024,0.029557,true,"pthread-Intel(R) Core(TM) Ultra 9 185H",1024,1,1,256,1,1,1024,0.554319
reduction_shared,FP32,4096,0.047638,true,"pthread-Intel(R) Core(TM) Ultra 9 185H",4096,1,1,256,1,1,4096,0.687854
reduction_shared,FP64,4096,0.060831,true,"pthread-Intel(R) Core(TM) Ultra 9 185H",4096,1,1,256,1,1,4096,1.07735
scan_shared,FP32,256,0.133481,true,"pthread-Intel(R) Core(TM) Ultra 9 185H",256,1,1,256,1,1,256,0.015343
scan_shared,FP64,256,0.127895,true,"pthread-Intel(R) Core(TM) Ultra 9 185H",256,1,1,256,1,1,256,0.0320263
scan_shared,FP32,1024,0.04758,false,"pthread-Intel(R) Core(TM) Ultra 9 185H",1024,1,1,256,1,1,1024,0.172173
scan_shared,FP64,1024,0.043653,false,"pthread-Intel(R) Core(TM) Ultra 9 185H",1024,1,1,256,1,1,1024,0.375324
scan_shared,FP32,4096,0.055415,false,"pthread-Intel(R) Core(TM) Ultra 9 185H",4096,1,1,256,1,1,4096,0.59132
scan_shared,FP64,4096,0.079475,false,"pthread-Intel(R) Core(TM) Ultra 9 185H",4096,1,1,256,1,1,4096,0.824612
spmv_csr,FP32,128,0.120334,true,"pthread-Intel(R) Core(TM) Ultra 9 185H",256,1,1,256,1,1,1280,0.055346
spmv_csr,FP64,128,0.111536,true,"pthread-Intel(R) Core(TM) Ultra 9 185H",256,1,1,256,1,1,1280,0.0918448
spmv_csr,FP32,256,0.010445,true,"pthread-Intel(R) Core(TM) Ultra 9 185H",256,1,1,256,1,1,2560,1.27487
spmv_csr,FP64,256,0.002318,true,"pthread-Intel(R) Core(TM) Ultra 9 185H",256,1,1,256,1,1,2560,8.83693
spmv_csr,FP32,512,0.048987,true,"pthread-Intel(R) Core(TM) Ultra 9 185H",512,1,1,256,1,1,5120,0.543573
spmv_csr,FP64,512,0.042626,true,"pthread-Intel(R) Core(TM) Ultra 9 185H",512,1,1,256,1,1,5120,0.96101
softmax_basic,FP32,64,0.135629,false,"pthread-Intel(R) Core(TM) Ultra 9 185H",256,1,1,256,1,1,256,0.003775
softmax_basic,FP64,64,0.116784,false,"pthread-Intel(R) Core(TM) Ultra 9 185H",256,1,1,256,1,1,256,0.00876832
softmax_basic,FP32,128,0.005694,false,"pthread-Intel(R) Core(TM) Ultra 9 185H",256,1,1,256,1,1,512,0.179838
softmax_basic,FP64,128,0.005425,false,"pthread-Intel(R) Core(TM) Ultra 9 185H",256,1,1,256,1,1,512,0.377512
softmax_basic,FP32,256,0.005118,false,"pthread-Intel(R) Core(TM) Ultra 9 185H",256,1,1,256,1,1,1024,0.400156
softmax_basic,FP64,256,0.035455,false,"pthread-Intel(R) Core(TM) Ultra 9 185H",256,1,1,256,1,1,1024,0.115527
activation_relu,FP32,1024,0.124822,true,"pthread-Intel(R) Core(TM) Ultra 9 185H",1024,1,1,256,1,1,1024,0.0656295
activation_relu,FP64,1024,0.110726,true,"pthread-Intel(R) Core(TM) Ultra 9 185H",1024,1,1,256,1,1,1024,0.147969
activation_relu,FP32,4096,0.049896,true,"pthread-Intel(R) Core(TM) Ultra 9 185H",4096,1,1,256,1,1,4096,0.656726
activation_relu,FP64,4096,0.033389,true,"pthread-Intel(R) Core(TM) Ultra 9 185H",4096,1,1,256,1,1,4096,1.9628
activation_gelu,FP32,1024,0.110817,false,"pthread-Intel(R) Core(TM) Ultra 9 185H",1024,1,1,256,1,1,20480,0.0739237
activation_gelu,FP64,1024,0.19721,false,"pthread-Intel(R) Core(TM) Ultra 9 185H",1024,1,1,256,1,1,20480,0.083079
activation_gelu,FP32,4096,0.074071,false,"pthread-Intel(R) Core(TM) Ultra 9 185H",4096,1,1,256,1,1,81920,0.442386
activation_gelu,FP64,4096,0.078413,false,"pthread-Intel(R) Core(TM) Ultra 9 185H",4096,1,1,256,1,1,81920,0.83578
bfs_basic,INT,256,0.084506,true,"pthread-Intel(R) Core(TM) Ultra 9 185H",256,1,1,256,1,1,0,0.0969872
bfs_basic,INT,512,0.046087,true,"pthread-Intel(R) Core(TM) Ultra 9 185H",512,1,1,256,1,1,0,0.355588
dfs_basic,INT,256,0.163348,true,"pthread-Intel(R) Core(TM) Ultra 9 185H",256,1,1,256,1,1,0,0.0501751
dfs_basic,INT,512,0.035621,true,"pthread-Intel(R) Core(TM) Ultra 9 185H",512,1,1,256,1,1,0,0.460066
pagerank_basic,FP32,128,0.148028,true,"pthread-Intel(R) Core(TM) Ultra 9 185H",256,1,1,256,1,1,0,0.0276975
pagerank_basic,FP64,128,0.119792,true,"pthread-Intel(R) Core(TM) Ultra 9 185H",256,1,1,256,1,1,0,0.0427741
pagerank_basic,FP32,256,0.027419,true,"pthread-Intel(R) Core(TM) Ultra 9 185H",256,1,1,256,1,1,0,0.298917
pagerank_basic,FP64,256,0.031463,true,"pthread-Intel(R) Core(TM) Ultra 9 185H",256,1,1,256,1,1,0,0.325589
stencil2d_3x3,FP32,32,0.112175,false,"pthread-Intel(R) Core(TM) Ultra 9 185H",32,32,1,16,16,1,9216,0.0730287
stencil2d_3x3,FP64,32,0.128132,false,"pthread-Intel(R) Core(TM) Ultra 9 185H",32,32,1,16,16,1,9216,0.127868
stencil2d_3x3,FP32,64,0.057105,false,"pthread-Intel(R) Core(TM) Ultra 9 185H",64,64,1,16,16,1,36864,0.57382
stencil2d_3x3,FP64,64,0.058548,false,"pthread-Intel(R) Core(TM) Ultra 9 185H",64,64,1,16,16,1,36864,1.11936
stencil2d_5x5,FP32,32,0.137393,false,"pthread-Intel(R) Core(TM) Ultra 9 185H",32,32,1,16,16,1,25600,0.0596246
stencil2d_5x5,FP64,32,0.141519,false,"pthread-Intel(R) Core(TM) Ultra 9 185H",32,32,1,16,16,1,25600,0.115772
stencil2d_5x5,FP32,64,0.089719,false,"pthread-Intel(R) Core(TM) Ultra 9 185H",64,64,1,16,16,1,102400,0.365229
stencil2d_5x5,FP64,64,0.077165,false,"pthread-Intel(R) Core(TM) Ultra 9 185H",64,64,1,16,16,1,102400,0.849297
stencil3d_global,FP32,16,0.184251,false,"pthread-Intel(R) Core(TM) Ultra 9 185H",16,16,16,8,8,2,110592,0.177844
stencil3d_global,FP64,16,0.150741,false,"pthread-Intel(R) Core(TM) Ultra 9 185H",16,16,16,8,8,2,110592,0.434759
stencil3d_global,FP32,32,0.260969,false,"pthread-Intel(R) Core(TM) Ultra 9 185H",32,32,32,8,8,2,884736,1.0045
stencil3d_global,FP64,32,0.096308,false,"pthread-Intel(R) Core(TM) Ultra 9 185H",32,32,32,8,8,2,884736,5.44387
stencil3d_shared,FP32,16,0.233216,false,"pthread-Intel(R) Core(TM) Ultra 9 185H",16,16,16,8,8,2,110592,0.140505
stencil3d_shared,FP64,16,0.1517,false,"pthread-Intel(R) Core(TM) Ultra 9 185H",16,16,16,8,8,2,110592,0.432011
stencil3d_shared,FP32,32,0.114114,false,"pthread-Intel(R) Core(TM) Ultra 9 185H",32,32,32,8,8,2,884736,2.29721
stencil3d_shared,FP64,32,0.131348,false,"pthread-Intel(R) Core(TM) Ultra 9 185H",32,32,32,8,8,2,884736,3.99159
histogram_global,INT,1024,0.21615,true,"pthread-Intel(R) Core(TM) Ultra 9 185H",1024,1,1,256,1,1,0,0.0236873
histogram_global,INT,4096,0.084748,true,"pthread-Intel(R) Core(TM) Ultra 9 185H",4096,1,1,256,1,1,0,0.205409
histogram_shared,INT,1024,0.1175,true,"pthread-Intel(R) Core(TM) Ultra 9 185H",1024,1,1,256,1,1,0,0.0435745
histogram_shared,INT,4096,0.058215,true,"pthread-Intel(R) Core(TM) Ultra 9 185H",4096,1,1,256,1,1,0,0.299029
sort_bitonic,INT,256,0.518557,false,"pthread-Intel(R) Core(TM) Ultra 9 185H",128,1,1,128,1,1,0,0.00197471
sort_bitonic,INT,1024,0.60695,false,"pthread-Intel(R) Core(TM) Ultra 9 185H",512,1,1,128,1,1,0,0.0067485
vecadd_basic,FP32,64,0.177394,true,"pthread-Intel(R) Core(TM) Ultra 9 185H",256,1,1,256,1,1,64,0.00432935
vecadd_basic,FP64,64,0.143289,true,"pthread-Intel(R) Core(TM) Ultra 9 185H",256,1,1,256,1,1,64,0.0107196
vecadd_basic,FP32,256,0.030342,true,"pthread-Intel(R) Core(TM) Ultra 9 185H",256,1,1,256,1,1,256,0.101246
vecadd_basic,FP64,256,0.008226,true,"pthread-Intel(R) Core(TM) Ultra 9 185H",256,1,1,256,1,1,256,0.7469
vecadd_basic,FP32,1024,0.04854,true,"pthread-Intel(R) Core(TM) Ultra 9 185H",1024,1,1,256,1,1,1024,0.253152
vecadd_basic,FP64,1024,0.073717,true,"pthread-Intel(R) Core(TM) Ultra 9 185H",1024,1,1,256,1,1,1024,0.333383
vecadd_basic,FP32,4096,0.027953,true,"pthread-Intel(R) Core(TM) Ultra 9 185H",4096,1,1,256,1,1,4096,1.75838
vecadd_basic,FP64,4096,0.050785,true,"pthread-Intel(R) Core(TM) Ultra 9 185H",4096,1,1,256,1,1,4096,1.93569
dot_global,FP32,256,0.106544,true,"pthread-Intel(R) Core(TM) Ultra 9 185H",256,1,1,256,1,1,512,0.0288332
dot_global,FP64,256,0.106468,true,"pthread-Intel(R) Core(TM) Ultra 9 185H",256,1,1,256,1,1,512,0.0577075
dot_global,FP32,1024,0.034397,true,"pthread-Intel(R) Core(TM) Ultra 9 185H",1024,1,1,256,1,1,2048,0.35724
dot_global,FP64,1024,0.029073,true,"pthread-Intel(R) Core(TM) Ultra 9 185H",1024,1,1,256,1,1,2048,0.84532
dot_global,FP32,4096,0.041748,true,"pthread-Intel(R) Core(TM) Ultra 9 185H",4096,1,1,256,1,1,8192,1.17735
dot_global,FP64,4096,0.029899,true,"pthread-Intel(R) Core(TM) Ultra 9 185H",4096,1,1,256,1,1,8192,3.28787
dot_shared,FP32,256,0.132122,true,"pthread-Intel(R) Core(TM) Ultra 9 185H",256,1,1,256,1,1,512,0.0232512
dot_shared,FP64,256,0.109886,true,"pthread-Intel(R) Core(TM) Ultra 9 185H",256,1,1,256,1,1,512,0.0559125
dot_shared,FP32,1024,0.056002,true,"pthread-Intel(R) Core(TM) Ultra 9 185H",1024,1,1,256,1,1,2048,0.219421
dot_shared,FP64,1024,0.057487,true,"pthread-Intel(R) Core(TM) Ultra 9 185H",1024,1,1,256,1,1,2048,0.427505
dot_shared,FP32,4096,0.060436,true,"pthread-Intel(R) Core(TM) Ultra 9 185H",4096,1,1,256,1,1,8192,0.81329
dot_shared,FP64,4096,0.053214,true,"pthread-Intel(R) Core(TM) Ultra 9 185H",4096,1,1,256,1,1,8192,1.84733
gemv_global,FP32,16,0.129258,true,"pthread-Intel(R) Core(TM) Ultra 9 185H",256,1,1,256,1,1,512,0.00891241
gemv_global,FP64,16,0.124017,true,"pthread-Intel(R) Core(TM) Ultra 9 185H",256,1,1,256,1,1,512,0.0185781
gemv_global,FP32,32,0.003279,true,"pthread-Intel(R) Core(TM) Ultra 9 185H",256,1,1,256,1,1,2048,1.32723
gemv_global,FP64,32,0.042208,true,"pthread-Intel(R) Core(TM) Ultra 9 185H",256,1,1,256,1,1,2048,0.206217
gemv_global,FP32,64,0.012871,true,"pthread-Intel(R) Core(TM) Ultra 9 185H",256,1,1,256,1,1,8192,1.31272
gemv_global,FP64,64,0.003449,true,"pthread-Intel(R) Core(TM) Ultra 9 185H",256,1,1,256,1,1,8192,9.79762
gemv_global,FP32,128,0.025991,true,"pthread-Intel(R) Core(TM) Ultra 9 185H",256,1,1,256,1,1,32768,2.56089
gemv_global,FP64,128,0.008904,true,"pthread-Intel(R) Core(TM) Ultra 9 185H",256,1,1,256,1,1,32768,14.9506
matmul_global,FP32,16,0.116415,true,"pthread-Intel(R) Core(TM) Ultra 9 185H",16,16,1,16,16,1,8192,0.0263884
matmul_global,FP64,16,0.114351,true,"pthread-Intel(R) Core(TM) Ultra 9 185H",16,16,1,16,16,1,8192,0.0537293
matmul_global,FP32,32,0.042359,true,"pthread-Intel(R) Core(TM) Ultra 9 185H",32,32,1,16,16,1,65536,0.290092
matmul_global,FP64,32,0.03448,true,"pthread-Intel(R) Core(TM) Ultra 9 185H",32,32,1,16,16,1,65536,0.712761
matmul_global,FP32,64,0.075894,true,"pthread-Intel(R) Core(TM) Ultra 9 185H",64,64,1,16,16,1,524288,0.64764
matmul_global,FP64,64,0.089496,true,"pthread-Intel(R) Core(TM) Ultra 9 185H",64,64,1,16,16,1,524288,1.09842
matmul_global,FP32,128,0.283554,true,"pthread-Intel(R) Core(TM) Ultra 9 185H",128,128,1,16,16,1,4.1943e+06,0.693371
matmul_global,FP64,128,0.283328,true,"pthread-Intel(R) Core(TM) Ultra 9 185H",128,128,1,16,16,1,4.1943e+06,1.38785
matmul_shared,FP32,16,0.192188,true,"pthread-Intel(R) Core(TM) Ultra 9 185H",16,16,1,16,16,1,8192,0.0159843
matmul_shared,FP64,16,0.154811,true,"pthread-Intel(R) Core(TM) Ultra 9 185H",16,16,1,16,16,1,8192,0.0396871
matmul_shared,FP32,32,0.090236,true,"pthread-Intel(R) Core(TM) Ultra 9 185H",32,32,1,16,16,1,65536,0.136176
matmul_shared,FP64,32,0.077496,true,"pthread-Intel(R) Core(TM) Ultra 9 185H",32,32,1,16,16,1,65536,0.317126
matmul_shared,FP32,64,0.118222,true,"pthread-Intel(R) Core(TM) Ultra 9 185H",64,64,1,16,16,1,524288,0.41576
matmul_shared,FP64,64,0.145294,true,"pthread-Intel(R) Core(TM) Ultra 9 185H",64,64,1,16,16,1,524288,0.676587
matmul_shared,FP32,128,0.424018,true,"pthread-Intel(R) Core(TM) Ultra 9 185H",128,128,1,16,16,1,4.1943e+06,0.463678
matmul_shared,FP64,128,0.436674,true,"pthread-Intel(R) Core(TM) Ultra 9 185H",128,128,1,16,16,1,4.1943e+06,0.90048
reduction_global,FP32,256,0.156825,true,"pthread-Intel(R) Core(TM) Ultra 9 185H",256,1,1,256,1,1,256,0.0130591
reduction_global,FP64,256,0.10145,true,"pthread-Intel(R) Core(TM) Ultra 9 185H",256,1,1,256,1,1,256,0.0403746
reduction_global,FP32,1024,0.041548,true,"pthread-Intel(R) Core(TM) Ultra 9 185H",1024,1,1,256,1,1,1024,0.19717
reduction_global,FP64,1024,0.030599,true,"pthread-Intel(R) Core(TM) Ultra 9 185H",1024,1,1,256,1,1,1024,0.535442
reduction_global,FP32,4096,0.039159,true,"pthread-Intel(R) Core(TM) Ultra 9 185H",4096,1,1,256,1,1,4096,0.836794
reduction_global,FP64,4096,0.04056,true,"pthread-Intel(R) Core(TM) Ultra 9 185H",4096,1,1,256,1,1,4096,1.61578
reduction_shared,FP32,256,0.167555,true,"pthread-Intel(R) Core(TM) Ultra 9 185H",256,1,1,256,1,1,256,0.0122229
reduction_shared,FP64,256,0.109323,true,"pthread-Intel(R) Core(TM) Ultra 9 185H",256,1,1,256,1,1,256,0.037467
reduction_shared,FP32,1024,0.050278,true,"pthread-Intel(R) Core(TM) Ultra 9 185H",1024,1,1,256,1,1,1024,0.162934
reduction_shared,FP64,1024,0.036751,true,"pthread-Intel(R) Core(TM) Ultra 9 185H",1024,1,1,256,1,1,1024,0.445811
reduction_shared,FP32,4096,0.039943,true,"pthread-Intel(R) Core(TM) Ultra 9 185H",4096,1,1,256,1,1,4096,0.820369
reduction_shared,FP64,4096,0.045318,true,"pthread-Intel(R) Core(TM) Ultra 9 185H",4096,1,1,256,1,1,4096,1.44614
scan_shared,FP32,256,0.119218,true,"pthread-Intel(R) Core(TM) Ultra 9 185H",256,1,1,256,1,1,256,0.0171786
scan_shared,FP64,256,0.119221,true,"pthread-Intel(R) Core(TM) Ultra 9 185H",256,1,1,256,1,1,256,0.0343564
scan_shared,FP32,1024,0.040226,false,"pthread-Intel(R) Core(TM) Ultra 9 185H",1024,1,1,256,1,1,1024,0.203649
scan_shared,FP64,1024,0.029082,false,"pthread-Intel(R) Core(TM) Ultra 9 185H",1024,1,1,256,1,1,1024,0.563373
scan_shared,FP32,4096,0.063298,false,"pthread-Intel(R) Core(TM) Ultra 9 185H",4096,1,1,256,1,1,4096,0.517678
scan_shared,FP64,4096,0.048207,false,"pthread-Intel(R) Core(TM) Ultra 9 185H",4096,1,1,256,1,1,4096,1.35947
spmv_csr,FP32,128,0.108463,true,"pthread-Intel(R) Core(TM) Ultra 9 185H",256,1,1,256,1,1,1280,0.0614034
spmv_csr,FP64,128,0.125773,true,"pthread-Intel(R) Core(TM) Ultra 9 185H",256,1,1,256,1,1,1280,0.0814483
spmv_csr,FP32,256,0.002529,true,"pthread-Intel(R) Core(TM) Ultra 9 185H",256,1,1,256,1,1,2560,5.26532
spmv_csr,FP64,256,0.00291,true,"pthread-Intel(R) Core(TM) Ultra 9 185H",256,1,1,256,1,1,2560,7.03918
spmv_csr,FP32,512,0.04131,true,"pthread-Intel(R) Core(TM) Ultra 9 185H",512,1,1,256,1,1,5120,0.64459
spmv_csr,FP64,512,0.034311,true,"pthread-Intel(R) Core(TM) Ultra 9 185H",512,1,1,256,1,1,5120,1.1939
softmax_basic,FP32,64,0.195072,false,"pthread-Intel(R) Core(TM) Ultra 9 185H",256,1,1,256,1,1,256,0.00262467
softmax_basic,FP64,64,0.095308,false,"pthread-Intel(R) Core(TM) Ultra 9 185H",256,1,1,256,1,1,256,0.0107441
softmax_basic,FP32,128,0.005498,false,"pthread-Intel(R) Core(TM) Ultra 9 185H",256,1,1,256,1,1,512,0.18625
softmax_basic,FP64,128,0.005789,false,"pthread-Intel(R) Core(TM) Ultra 9 185H",256,1,1,256,1,1,512,0.353774
softmax_basic,FP32,256,0.00586,false,"pthread-Intel(R) Core(TM) Ultra 9 185H",256,1,1,256,1,1,1024,0.349488
softmax_basic,FP64,256,0.006615,false,"pthread-Intel(R) Core(TM) Ultra 9 185H",256,1,1,256,1,1,1024,0.619199
activation_relu,FP32,1024,0.162177,true,"pthread-Intel(R) Core(TM) Ultra 9 185H",1024,1,1,256,1,1,1024,0.0505127
activation_relu,FP64,1024,0.174611,true,"pthread-Intel(R) Core(TM) Ultra 9 185H",1024,1,1,256,1,1,1024,0.0938314
activation_relu,FP32,4096,0.042172,true,"pthread-Intel(R) Core(TM) Ultra 9 185H",4096,1,1,256,1,1,4096,0.777008
activation_relu,FP64,4096,0.046805,true,"pthread-Intel(R) Core(TM) Ultra 9 185H",4096,1,1,256,1,1,4096,1.40019
activation_gelu,FP32,1024,0.164514,false,"pthread-Intel(R) Core(TM) Ultra 9 185H",1024,1,1,256,1,1,20480,0.0497952
activation_gelu,FP64,1024,0.166245,false,"pthread-Intel(R) Core(TM) Ultra 9 185H",1024,1,1,256,1,1,20480,0.0985533
activation_gelu,FP32,4096,0.057362,false,"pthread-Intel(R) Core(TM) Ultra 9 185H",4096,1,1,256,1,1,81920,0.571249
activation_gelu,FP64,4096,0.097792,false,"pthread-Intel(R) Core(TM) Ultra 9 185H",4096,1,1,256,1,1,81920,0.670157
bfs_basic,INT,256,0.158969,true,"pthread-Intel(R) Core(TM) Ultra 9 185H",256,1,1,256,1,1,0,0.0515572
bfs_basic,INT,512,0.036213,true,"pthread-Intel(R) Core(TM) Ultra 9 185H",512,1,1,256,1,1,0,0.452545
dfs_basic,INT,256,0.16373,true,"pthread-Intel(R) Core(TM) Ultra 9 185H",256,1,1,256,1,1,0,0.050058
dfs_basic,INT,512,0.040336,true,"pthread-Intel(R) Core(TM) Ultra 9 185H",512,1,1,256,1,1,0,0.406287
pagerank_basic,FP32,128,0.079838,true,"pthread-Intel(R) Core(TM) Ultra 9 185H",256,1,1,256,1,1,0,0.051354
pagerank_basic,FP64,128,0.13551,true,"pthread-Intel(R) Core(TM) Ultra 9 185H",256,1,1,256,1,1,0,0.0378127
pagerank_basic,FP32,256,0.027956,true,"pthread-Intel(R) Core(TM) Ultra 9 185H",256,1,1,256,1,1,0,0.293175
pagerank_basic,FP64,256,0.052315,true,"pthread-Intel(R) Core(TM) Ultra 9 185H",256,1,1,256,1,1,0,0.195814
stencil2d_3x3,FP32,32,0.145616,false,"pthread-Intel(R) Core(TM) Ultra 9 185H",32,32,1,16,16,1,9216,0.0562576
stencil2d_3x3,FP64,32,0.13469,false,"pthread-Intel(R) Core(TM) Ultra 9 185H",32,32,1,16,16,1,9216,0.121642
stencil2d_3x3,FP32,64,0.05619,false,"pthread-Intel(R) Core(TM) Ultra 9 185H",64,64,1,16,16,1,36864,0.583164
stencil2d_3x3,FP64,64,0.043848,false,"pthread-Intel(R) Core(TM) Ultra 9 185H",64,64,1,16,16,1,36864,1.49462
stencil2d_5x5,FP32,32,0.18094,false,"pthread-Intel(R) Core(TM) Ultra 9 185H",32,32,1,16,16,1,25600,0.0452747
stencil2d_5x5,FP64,32,0.121343,false,"pthread-Intel(R) Core(TM) Ultra 9 185H",32,32,1,16,16,1,25600,0.135022
stencil2d_5x5,FP32,64,0.076215,false,"pthread-Intel(R) Core(TM) Ultra 9 185H",64,64,1,16,16,1,102400,0.429942
stencil2d_5x5,FP64,64,0.100539,false,"pthread-Intel(R) Core(TM) Ultra 9 185H",64,64,1,16,16,1,102400,0.651847
stencil3d_global,FP32,16,0.150583,false,"pthread-Intel(R) Core(TM) Ultra 9 185H",16,16,16,8,8,2,110592,0.217608
stencil3d_global,FP64,16,0.11511,false,"pthread-Intel(R) Core(TM) Ultra 9 185H",16,16,16,8,8,2,110592,0.569334
stencil3d_global,FP32,32,0.076609,false,"pthread-Intel(R) Core(TM) Ultra 9 185H",32,32,32,8,8,2,884736,3.42184
stencil3d_global,FP64,32,0.084792,false,"pthread-Intel(R) Core(TM) Ultra 9 185H",32,32,32,8,8,2,884736,6.18322
stencil3d_shared,FP32,16,0.182187,false,"pthread-Intel(R) Core(TM) Ultra 9 185H",16,16,16,8,8,2,110592,0.179859
stencil3d_shared,FP64,16,0.154816,false,"pthread-Intel(R) Core(TM) Ultra 9 185H",16,16,16,8,8,2,110592,0.423315
stencil3d_shared,FP32,32,0.109144,false,"pthread-Intel(R) Core(TM) Ultra 9 185H",32,32,32,8,8,2,884736,2.40182
stencil3d_shared,FP64,32,0.100222,false,"pthread-Intel(R) Core(TM) Ultra 9 185H",32,32,32,8,8,2,884736,5.23127
histogram_global,INT,1024,0.196536,true,"pthread-Intel(R) Core(TM) Ultra 9 185H",1024,1,1,256,1,1,0,0.0260512
histogram_global,INT,4096,0.161006,true,"pthread-Intel(R) Core(TM) Ultra 9 185H",4096,1,1,256,1,1,0,0.10812
histogram_shared,INT,1024,0.205636,true,"pthread-Intel(R) Core(TM) Ultra 9 185H",1024,1,1,256,1,1,0,0.0248984
histogram_shared,INT,4096,0.086847,true,"pthread-Intel(R) Core(TM) Ultra 9 185H",4096,1,1,256,1,1,0,0.200444
sort_bitonic,INT,256,0.407782,false,"pthread-Intel(R) Core(TM) Ultra 9 185H",128,1,1,128,1,1,0,0.00251115
sort_bitonic,INT,1024,0.816175,false,"pthread-Intel(R) Core(TM) Ultra 9 185H",512,1,1,128,1,1,0,0.00501853
vecadd_basic,FP32,64,0.085332,true,"pthread-Intel(R) Core(TM) Ultra 9 185H",256,1,1,256,1,1,64,0.00900014
vecadd_basic,FP64,64,0.172625,true,"pthread-Intel(R) Core(TM) Ultra 9 185H",256,1,1,256,1,1,64,0.0088979
vecadd_basic,FP32,256,0.069203,true,"pthread-Intel(R) Core(TM) Ultra 9 185H",256,1,1,256,1,1,256,0.0443911
vecadd_basic,FP64,256,0.036082,true,"pthread-Intel(R) Core(TM) Ultra 9 185H",256,1,1,256,1,1,256,0.170279
vecadd_basic,FP32,1024,0.034313,true,"pthread-Intel(R) Core(TM) Ultra 9 185H",1024,1,1,256,1,1,1024,0.358115
vecadd_basic,FP64,1024,0.026832,true,"pthread-Intel(R) Core(TM) Ultra 9 185H",1024,1,1,256,1,1,1024,0.915921
vecadd_basic,FP32,4096,0.08578,true,"pthread-Intel(R) Core(TM) Ultra 9 185H",4096,1,1,256,1,1,4096,0.573001
vecadd_basic,FP64,4096,0.049356,true,"pthread-Intel(R) Core(TM) Ultra 9 185H",4096,1,1,256,1,1,4096,1.99173
dot_global,FP32,256,0.128277,true,"pthread-Intel(R) Core(TM) Ultra 9 185H",256,1,1,256,1,1,512,0.0239482
dot_global,FP64,256,0.099107,true,"pthread-Intel(R) Core(TM) Ultra 9 185H",256,1,1,256,1,1,512,0.0619936
dot_global,FP32,1024,0.045212,true,"pthread-Intel(R) Core(TM) Ultra 9 185H",1024,1,1,256,1,1,2048,0.271786
dot_global,FP64,1024,0.094595,true,"pthread-Intel(R) Core(TM) Ultra 9 185H",1024,1,1,256,1,1,2048,0.259802
dot_global,FP32,4096,0.050033,true,"pthread-Intel(R) Core(TM) Ultra 9 185H",4096,1,1,256,1,1,8192,0.982392
dot_global,FP64,4096,0.03596,true,"pthread-Intel(R) Core(TM) Ultra 9 185H",4096,1,1,256,1,1,8192,2.7337
dot_shared,FP32,256,0.139552,true,"pthread-Intel(R) Core(TM) Ultra 9 185H",256,1,1,256,1,1,512,0.0220133
dot_shared,FP64,256,0.103123,true,"pthread-Intel(R) Core(TM) Ultra 9 185H",256,1,1,256,1,1,512,0.0595793
dot_shared,FP32,1024,0.043683,true,"pthread-Intel(R) Core(TM) Ultra 9 185H",1024,1,1,256,1,1,2048,0.281299
dot_shared,FP64,1024,0.067834,true,"pthread-Intel(R) Core(TM) Ultra 9 185H",1024,1,1,256,1,1,2048,0.362296
dot_shared,FP32,4096,0.044944,true,"pthread-Intel(R) Core(TM) Ultra 9 185H",4096,1,1,256,1,1,8192,1.09363
dot_shared,FP64,4096,0.050888,true,"pthread-Intel(R) Core(TM) Ultra 9 185H",4096,1,1,256,1,1,8192,1.93177
gemv_global,FP32,16,0.080183,true,"pthread-Intel(R) Core(TM) Ultra 9 185H",256,1,1,256,1,1,512,0.0143671
gemv_global,FP64,16,0.10798,true,"pthread-Intel(R) Core(TM) Ultra 9 185H",256,1,1,256,1,1,512,0.0213373
gemv_global,FP32,32,0.001945,true,"pthread-Intel(R) Core(TM) Ultra 9 185H",256,1,1,256,1,1,2048,2.23753
gemv_global,FP64,32,0.002149,true,"pthread-Intel(R) Core(TM) Ultra 9 185H",256,1,1,256,1,1,2048,4.05026
gemv_global,FP32,64,0.002903,true,"pthread-Intel(R) Core(TM) Ultra 9 185H",256,1,1,256,1,1,8192,5.82019
gemv_global,FP64,64,0.029089,true,"pthread-Intel(R) Core(TM) Ultra 9 185H",256,1,1,256,1,1,8192,1.16168
gemv_global,FP32,128,0.031017,true,"pthread-Intel(R) Core(TM) Ultra 9 185H",256,1,1,256,1,1,32768,2.14592
gemv_global,FP64,128,0.008623,true,"pthread-Intel(R) Core(TM) Ultra 9 185H",256,1,1,256,1,1,32768,15.4378
matmul_global,FP32,16,0.121737,true,"pthread-Intel(R) Core(TM) Ultra 9 185H",16,16,1,16,16,1,8192,0.0252347
matmul_global,FP64,16,0.166938,true,"pthread-Intel(R) Core(TM) Ultra 9 185H",16,16,1,16,16,1,8192,0.0368041
matmul_global,FP32,32,0.079383,true,"pthread-Intel(R) Core(TM) Ultra 9 185H",32,32,1,16,16,1,65536,0.154794
matmul_global,FP64,32,0.058235,true,"pthread-Intel(R) Core(TM) Ultra 9 185H",32,32,1,16,16,1,65536,0.422014
matmul_global,FP32,64,0.077207,true,"pthread-Intel(R) Core(TM) Ultra 9 185H",64,64,1,16,16,1,524288,0.636626
matmul_global,FP64,64,0.071159,true,"pthread-Intel(R) Core(TM) Ultra 9 185H",64,64,1,16,16,1,524288,1.38147
matmul_global,FP32,128,0.284418,true,"pthread-Intel(R) Core(TM) Ultra 9 185H",128,128,1,16,16,1,4.1943e+06,0.691264
matmul_global,FP64,128,0.298619,true,"pthread-Intel(R) Core(TM) Ultra 9 185H",128,128,1,16,16,1,4.1943e+06,1.31678
matmul_shared,FP32,16,0.263219,true,"pthread-Intel(R) Core(TM) Ultra 9 185H",16,16,1,16,16,1,8192,0.0116709
matmul_shared,FP64,16,0.320395,true,"pthread-Intel(R) Core(TM) Ultra 9 185H",16,16,1,16,16,1,8192,0.0191763
matmul_shared,FP32,32,0.091097,true,"pthread-Intel(R) Core(TM) Ultra 9 185H",32,32,1,16,16,1,65536,0.134889
matmul_shared,FP64,32,0.059427,true,"pthread-Intel(R) Core(TM) Ultra 9 185H",32,32,1,16,16,1,65536,0.413549
matmul_shared,FP32,64,0.19653,true,"pthread-Intel(R) Core(TM) Ultra 9 185H",64,64,1,16,16,1,524288,0.250099
matmul_shared,FP64,64,0.157572,true,"pthread-Intel(R) Core(TM) Ultra 9 185H",64,64,1,16,16,1,524288,0.623867
matmul_shared,FP32,128,0.41268,true,"pthread-Intel(R) Core(TM) Ultra 9 185H",128,128,1,16,16,1,4.1943e+06,0.476418
matmul_shared,FP64,128,0.589993,true,"pthread-Intel(R) Core(TM) Ultra 9 185H",128,128,1,16,16,1,4.1943e+06,0.666476
reduction_global,FP32,256,0.172623,true,"pthread-Intel(R) Core(TM) Ultra 9 185H",256,1,1,256,1,1,256,0.011864
reduction_global,FP64,256,0.166826,true,"pthread-Intel(R) Core(TM) Ultra 9 185H",256,1,1,256,1,1,256,0.0245525
reduction_global,FP32,1024,0.042833,true,"pthread-Intel(R) Core(TM) Ultra 9 185H",1024,1,1,256,1,1,1024,0.191254
reduction_global,FP64,1024,0.035723,true,"pthread-Intel(R) Core(TM) Ultra 9 185H",1024,1,1,256,1,1,1024,0.45864
reduction_global,FP32,4096,0.048481,true,"pthread-Intel(R) Core(TM) Ultra 9 185H",4096,1,1,256,1,1,4096,0.675894
reduction_global,FP64,4096,0.030508,true,"pthread-Intel(R) Core(TM) Ultra 9 185H",4096,1,1,256,1,1,4096,2.14816
reduction_shared,FP32,256,0.136678,true,"pthread-Intel(R) Core(TM) Ultra 9 185H",256,1,1,256,1,1,256,0.0149841
reduction_shared,FP64,256,0.100832,true,"pthread-Intel(R) Core(TM) Ultra 9 185H",256,1,1,256,1,1,256,0.040622
reduction_shared,FP32,1024,0.042053,true,"pthread-Intel(R) Core(TM) Ultra 9 185H",1024,1,1,256,1,1,1024,0.194802
reduction_shared,FP64,1024,0.053519,true,"pthread-Intel(R) Core(TM) Ultra 9 185H",1024,1,1,256,1,1,1024,0.306134
reduction_shared,FP32,4096,0.061673,true,"pthread-Intel(R) Core(TM) Ultra 9 185H",4096,1,1,256,1,1,4096,0.531318
reduction_shared,FP64,4096,0.070023,true,"pthread-Intel(R) Core(TM) Ultra 9 185H",4096,1,1,256,1,1,4096,0.935921
scan_shared,FP32,256,0.158595,true,"pthread-Intel(R) Core(TM) Ultra 9 185H",256,1,1,256,1,1,256,0.0129134
scan_shared,FP64,256,0.115682,true,"pthread-Intel(R) Core(TM) Ultra 9 185H",256,1,1,256,1,1,256,0.0354074
scan_shared,FP32,1024,0.049491,false,"pthread-Intel(R) Core(TM) Ultra 9 185H",1024,1,1,256,1,1,1024,0.165525
scan_shared,FP64,1024,0.037509,false,"pthread-Intel(R) Core(TM) Ultra 9 185H",1024,1,1,256,1,1,1024,0.436802
scan_shared,FP32,4096,0.053632,false,"pthread-Intel(R) Core(TM) Ultra 9 185H",4096,1,1,256,1,1,4096,0.610979
scan_shared,FP64,4096,0.072322,false,"pthread-Intel(R) Core(TM) Ultra 9 185H",4096,1,1,256,1,1,4096,0.90617
spmv_csr,FP32,128,0.126084,true,"pthread-Intel(R) Core(TM) Ultra 9 185H",256,1,1,256,1,1,1280,0.0528219
spmv_csr,FP64,128,0.10047,true,"pthread-Intel(R) Core(TM) Ultra 9 185H",256,1,1,256,1,1,1280,0.101961
spmv_csr,FP32,256,0.02581,true,"pthread-Intel(R) Core(TM) Ultra 9 185H",256,1,1,256,1,1,2560,0.515924
spmv_csr,FP64,256,0.002805,true,"pthread-Intel(R) Core(TM) Ultra 9 185H",256,1,1,256,1,1,2560,7.30267
spmv_csr,FP32,512,0.048202,true,"pthread-Intel(R) Core(TM) Ultra 9 185H",512,1,1,256,1,1,5120,0.552425
spmv_csr,FP64,512,0.05231,true,"pthread-Intel(R) Core(TM) Ultra 9 185H",512,1,1,256,1,1,5120,0.783101
softmax_basic,FP32,64,0.211273,false,"pthread-Intel(R) Core(TM) Ultra 9 185H",256,1,1,256,1,1,256,0.0024234
softmax_basic,FP64,64,0.123497,false,"pthread-Intel(R) Core(TM) Ultra 9 185H",256,1,1,256,1,1,256,0.0082917
softmax_basic,FP32,128,0.085686,false,"pthread-Intel(R) Core(TM) Ultra 9 185H",256,1,1,256,1,1,512,0.0119506
softmax_basic,FP64,128,0.005636,false,"pthread-Intel(R) Core(TM) Ultra 9 185H",256,1,1,256,1,1,512,0.363378
softmax_basic,FP32,256,0.00586,false,"pthread-Intel(R) Core(TM) Ultra 9 185H",256,1,1,256,1,1,1024,0.349488
softmax_basic,FP64,256,0.006271,false,"pthread-Intel(R) Core(TM) Ultra 9 185H",256,1,1,256,1,1,1024,0.653165
activation_relu,FP32,1024,0.195907,true,"pthread-Intel(R) Core(TM) Ultra 9 185H",1024,1,1,256,1,1,1024,0.0418158
activation_relu,FP64,1024,0.09669,true,"pthread-Intel(R) Core(TM) Ultra 9 185H",1024,1,1,256,1,1,1024,0.169449
activation_relu,FP32,4096,0.041056,true,"pthread-Intel(R) Core(TM) Ultra 9 185H",4096,1,1,256,1,1,4096,0.798129
activation_relu,FP64,4096,0.046504,true,"pthread-Intel(R) Core(TM) Ultra 9 185H",4096,1,1,256,1,1,4096,1.40926
activation_gelu,FP32,1024,0.134732,false,"pthread-Intel(R) Core(TM) Ultra 9 185H",1024,1,1,256,1,1,20480,0.0608022
activation_gelu,FP64,1024,0.16299,false,"pthread-Intel(R) Core(TM) Ultra 9 185H",1024,1,1,256,1,1,20480,0.100522
activation_gelu,FP32,4096,0.089948,false,"pthread-Intel(R) Core(TM) Ultra 9 185H",4096,1,1,256,1,1,81920,0.364299
activation_gelu,FP64,4096,0.10125,false,"pthread-Intel(R) Core(TM) Ultra 9 185H",4096,1,1,256,1,1,81920,0.647269
bfs_basic,INT,256,0.113146,true,"pthread-Intel(R) Core(TM) Ultra 9 185H",256,1,1,256,1,1,0,0.0724374
bfs_basic,INT,512,0.035435,true,"pthread-Intel(R) Core(TM) Ultra 9 185H",512,1,1,256,1,1,0,0.462481
dfs_basic,INT,256,0.117404,true,"pthread-Intel(R) Core(TM) Ultra 9 185H",256,1,1,256,1,1,0,0.0698102
dfs_basic,INT,512,0.040513,true,"pthread-Intel(R) Core(TM) Ultra 9 185H",512,1,1,256,1,1,0,0.404512
pagerank_basic,FP32,128,0.12004,true,"pthread-Intel(R) Core(TM) Ultra 9 185H",256,1,1,256,1,1,0,0.0341553
pagerank_basic,FP64,128,0.125545,true,"pthread-Intel(R) Core(TM) Ultra 9 185H",256,1,1,256,1,1,0,0.0408141
pagerank_basic,FP32,256,0.024831,true,"pthread-Intel(R) Core(TM) Ultra 9 185H",256,1,1,256,1,1,0,0.330071
pagerank_basic,FP64,256,0.031021,true,"pthread-Intel(R) Core(TM) Ultra 9 185H",256,1,1,256,1,1,0,0.330228
stencil2d_3x3,FP32,32,0.122543,false,"pthread-Intel(R) Core(TM) Ultra 9 185H",32,32,1,16,16,1,9216,0.06685
stencil2d_3x3,FP64,32,0.135553,false,"pthread-Intel(R) Core(TM) Ultra 9 185H",32,32,1,16,16,1,9216,0.120868
stencil2d_3x3,FP32,64,0.044799,false,"pthread-Intel(R) Core(TM) Ultra 9 185H",64,64,1,16,16,1,36864,0.731445
stencil2d_3x3,FP64,64,0.054221,false,"pthread-Intel(R) Core(TM) Ultra 9 185H",64,64,1,16,16,1,36864,1.20868
stencil2d_5x5,FP32,32,0.101182,false,"pthread-Intel(R) Core(TM) Ultra 9 185H",32,32,1,16,16,1,25600,0.080963
stencil2d_5x5,FP64,32,0.116751,false,"pthread-Intel(R) Core(TM) Ultra 9 185H",32,32,1,16,16,1,25600,0.140333
stencil2d_5x5,FP32,64,0.07439,false,"pthread-Intel(R) Core(TM) Ultra 9 185H",64,64,1,16,16,1,102400,0.440489
stencil2d_5x5,FP64,64,0.064341,false,"pthread-Intel(R) Core(TM) Ultra 9 185H",64,64,1,16,16,1,102400,1.01857
stencil3d_global,FP32,16,0.12634,false,"pthread-Intel(R) Core(TM) Ultra 9 185H",16,16,16,8,8,2,110592,0.259364
stencil3d_global,FP64,16,0.154429,false,"pthread-Intel(R) Core(TM) Ultra 9 185H",16,16,16,8,8,2,110592,0.424376
stencil3d_global,FP32,32,0.084933,false,"pthread-Intel(R) Core(TM) Ultra 9 185H",32,32,32,8,8,2,884736,3.08648
stencil3d_global,FP64,32,0.156265,false,"pthread-Intel(R) Core(TM) Ultra 9 185H",32,32,32,8,8,2,884736,3.35512
stencil3d_shared,FP32,16,0.195435,false,"pthread-Intel(R) Core(TM) Ultra 9 185H",16,16,16,8,8,2,110592,0.167667
stencil3d_shared,FP64,16,0.181401,false,"pthread-Intel(R) Core(TM) Ultra 9 185H",16,16,16,8,8,2,110592,0.361277
stencil3d_shared,FP32,32,0.13742,false,"pthread-Intel(R) Core(TM) Ultra 9 185H",32,32,32,8,8,2,884736,1.90761
stencil3d_shared,FP64,32,0.109672,false,"pthread-Intel(R) Core(TM) Ultra 9 185H",32,32,32,8,8,2,884736,4.78051
histogram_global,INT,1024,0.157563,true,"pthread-Intel(R) Core(TM) Ultra 9 185H",1024,1,1,256,1,1,0,0.0324949
histogram_global,INT,4096,0.069244,true,"pthread-Intel(R) Core(TM) Ultra 9 185H",4096,1,1,256,1,1,0,0.251401
histogram_shared,INT,1024,0.12954,true,"pthread-Intel(R) Core(TM) Ultra 9 185H",1024,1,1,256,1,1,0,0.0395245
histogram_shared,INT,4096,0.070482,true,"pthread-Intel(R) Core(TM) Ultra 9 185H",4096,1,1,256,1,1,0,0.246985
sort_bitonic,INT,256,0.447165,false,"pthread-Intel(R) Core(TM) Ultra 9 185H",128,1,1,128,1,1,0,0.00228998
sort_bitonic,INT,1024,0.550693,false,"pthread-Intel(R) Core(TM) Ultra 9 185H",512,1,1,128,1,1,0,0.0074379
vecadd_basic,FP32,64,0.107221,true,"pthread-Intel(R) Core(TM) Ultra 9 185H",256,1,1,256,1,1,64,0.00716278
vecadd_basic,FP64,64,0.195313,true,"pthread-Intel(R) Core(TM) Ultra 9 185H",256,1,1,256,1,1,64,0.0078643
vecadd_basic,FP32,256,0.007223,true,"pthread-Intel(R) Core(TM) Ultra 9 185H",256,1,1,256,1,1,256,0.425308
vecadd_basic,FP64,256,0.005877,true,"pthread-Intel(R) Core(TM) Ultra 9 185H",256,1,1,256,1,1,256,1.04543
vecadd_basic,FP32,1024,0.047474,true,"pthread-Intel(R) Core(TM) Ultra 9 185H",1024,1,1,256,1,1,1024,0.258836
vecadd_basic,FP64,1024,0.049981,true,"pthread-Intel(R) Core(TM) Ultra 9 185H",1024,1,1,256,1,1,1024,0.491707
vecadd_basic,FP32,4096,0.039333,true,"pthread-Intel(R) Core(TM) Ultra 9 185H",4096,1,1,256,1,1,4096,1.24964
vecadd_basic,FP64,4096,0.058819,true,"pthread-Intel(R) Core(TM) Ultra 9 185H",4096,1,1,256,1,1,4096,1.6713
dot_global,FP32,256,0.088035,true,"pthread-Intel(R) Core(TM) Ultra 9 185H",256,1,1,256,1,1,512,0.0348952
dot_global,FP64,256,0.113185,true,"pthread-Intel(R) Core(TM) Ultra 9 185H",256,1,1,256,1,1,512,0.0542828
dot_global,FP32,1024,0.042002,true,"pthread-Intel(R) Core(TM) Ultra 9 185H",1024,1,1,256,1,1,2048,0.292557
dot_global,FP64,1024,0.04517,true,"pthread-Intel(R) Core(TM) Ultra 9 185H",1024,1,1,256,1,1,2048,0.544078
dot_global,FP32,4096,0.031148,true,"pthread-Intel(R) Core(TM) Ultra 9 185H",4096,1,1,256,1,1,8192,1.57801
dot_global,FP64,4096,0.045495,true,"pthread-Intel(R) Core(TM) Ultra 9 185H",4096,1,1,256,1,1,8192,2.16076
dot_shared,FP32,256,0.147469,true,"pthread-Intel(R) Core(TM) Ultra 9 185H",256,1,1,256,1,1,512,0.0208315
dot_shared,FP64,256,0.128265,true,"pthread-Intel(R) Core(TM) Ultra 9 185H",256,1,1,256,1,1,512,0.0479008
dot_shared,FP32,1024,0.038278,true,"pthread-Intel(R) Core(TM) Ultra 9 185H",1024,1,1,256,1,1,2048,0.32102
dot_shared,FP64,1024,0.025413,true,"pthread-Intel(R) Core(TM) Ultra 9 185H",1024,1,1,256,1,1,2048,0.967064
dot_shared,FP32,4096,0.051281,true,"pthread-Intel(R) Core(TM) Ultra 9 185H",4096,1,1,256,1,1,8192,0.958484
dot_shared,FP64,4096,0.047921,true,"pthread-Intel(R) Core(TM) Ultra 9 185H",4096,1,1,256,1,1,8192,2.05138
gemv_global,FP32,16,0.132912,true,"pthread-Intel(R) Core(TM) Ultra 9 185H",256,1,1,256,1,1,512,0.00866739
gemv_global,FP64,16,0.085021,true,"pthread-Intel(R) Core(TM) Ultra 9 185H",256,1,1,256,1,1,512,0.0270992
gemv_global,FP32,32,0.001949,true,"pthread-Intel(R) Core(TM) Ultra 9 185H",256,1,1,256,1,1,2048,2.23294
gemv_global,FP64,32,0.012311,true,"pthread-Intel(R) Core(TM) Ultra 9 185H",256,1,1,256,1,1,2048,0.70701
gemv_global,FP32,64,0.002721,true,"pthread-Intel(R) Core(TM) Ultra 9 185H",256,1,1,256,1,1,8192,6.20948
gemv_global,FP64,64,0.021557,true,"pthread-Intel(R) Core(TM) Ultra 9 185H",256,1,1,256,1,1,8192,1.56757
gemv_global,FP32,128,0.008863,true,"pthread-Intel(R) Core(TM) Ultra 9 185H",256,1,1,256,1,1,32768,7.50987
gemv_global,FP64,128,0.008097,true,"pthread-Intel(R) Core(TM) Ultra 9 185H",256,1,1,256,1,1,32768,16.4407
vecadd_basic,FP32,64,0.14894,true,"pthread-Intel(R) Core(TM) Ultra 9 185H",256,1,1,256,1,1,64,0.00515644
vecadd_basic,FP64,64,0.115788,true,"pthread-Intel(R) Core(TM) Ultra 9 185H",256,1,1,256,1,1,64,0.0132656
vecadd_basic,FP32,256,0.048059,true,"pthread-Intel(R) Core(TM) Ultra 9 185H",256,1,1,256,1,1,256,0.0639214
vecadd_basic,FP64,256,0.068184,true,"pthread-Intel(R) Core(TM) Ultra 9 185H",256,1,1,256,1,1,256,0.0901091
vecadd_basic,FP32,1024,0.058596,true,"pthread-Intel(R) Core(TM) Ultra 9 185H",1024,1,1,256,1,1,1024,0.209707
vecadd_basic,FP64,1024,0.041113,true,"pthread-Intel(R) Core(TM) Ultra 9 185H",1024,1,1,256,1,1,1024,0.597767
vecadd_basic,FP32,4096,0.077473,true,"pthread-Intel(R) Core(TM) Ultra 9 185H",4096,1,1,256,1,1,4096,0.63444
vecadd_basic,FP64,4096,0.042129,true,"pthread-Intel(R) Core(TM) Ultra 9 185H",4096,1,1,256,1,1,4096,2.3334
dot_global,FP32,256,0.10395,true,"pthread-Intel(R) Core(TM) Ultra 9 185H",256,1,1,256,1,1,512,0.0295527
dot_global,FP64,256,0.07814,true,"pthread-Intel(R) Core(TM) Ultra 9 185H",256,1,1,256,1,1,512,0.0786281
dot_global,FP32,1024,0.051442,true,"pthread-Intel(R) Core(TM) Ultra 9 185H",1024,1,1,256,1,1,2048,0.238871
dot_global,FP64,1024,0.063345,true,"pthread-Intel(R) Core(TM) Ultra 9 185H",1024,1,1,256,1,1,2048,0.387971
dot_global,FP32,4096,0.042754,true,"pthread-Intel(R) Core(TM) Ultra 9 185H",4096,1,1,256,1,1,8192,1.14965
dot_global,FP64,4096,0.039619,true,"pthread-Intel(R) Core(TM) Ultra 9 185H",4096,1,1,256,1,1,8192,2.48123
dot_shared,FP32,256,0.140432,true,"pthread-Intel(R) Core(TM) Ultra 9 185H",256,1,1,256,1,1,512,0.0218754
dot_shared,FP64,256,0.069122,true,"pthread-Intel(R) Core(TM) Ultra 9 185H",256,1,1,256,1,1,512,0.0888863
dot_shared,FP32,1024,0.040682,true,"pthread-Intel(R) Core(TM) Ultra 9 185H",1024,1,1,256,1,1,2048,0.30205
dot_shared,FP64,1024,0.046966,true,"pthread-Intel(R) Core(TM) Ultra 9 185H",1024,1,1,256,1,1,2048,0.523272
dot_shared,FP32,4096,0.054129,true,"pthread-Intel(R) Core(TM) Ultra 9 185H",4096,1,1,256,1,1,8192,0.908053
dot_shared,FP64,4096,0.056762,true,"pthread-Intel(R) Core(TM) Ultra 9 185H",4096,1,1,256,1,1,8192,1.73186
gemv_global,FP32,16,0.103422,true,"pthread-Intel(R) Core(TM) Ultra 9 185H",256,1,1,256,1,1,512,0.0111388
gemv_global,FP64,16,0.071731,true,"pthread-Intel(R) Core(TM) Ultra 9 185H",256,1,1,256,1,1,512,0.03212
gemv_global,FP32,32,0.002972,true,"pthread-Intel(R) Core(TM) Ultra 9 185H",256,1,1,256,1,1,2048,1.46433
gemv_global,FP64,32,0.002116,true,"pthread-Intel(R) Core(TM) Ultra 9 185H",256,1,1,256,1,1,2048,4.11342
gemv_global,FP32,64,0.114516,true,"pthread-Intel(R) Core(TM) Ultra 9 185H",256,1,1,256,1,1,8192,0.147543
gemv_global,FP64,64,0.026488,true,"pthread-Intel(R) Core(TM) Ultra 9 185H",256,1,1,256,1,1,8192,1.27575
gemv_global,FP32,128,0.008201,true,"pthread-Intel(R) Core(TM) Ultra 9 185H",256,1,1,256,1,1,32768,8.11608
gemv_global,FP64,128,0.00867,true,"pthread-Intel(R) Core(TM) Ultra 9 185H",256,1,1,256,1,1,32768,15.3541
matmul_global,FP32,16,0.135711,true,"pthread-Intel(R) Core(TM) Ultra 9 185H",16,16,1,16,16,1,8192,0.0226363
matmul_global,FP64,16,0.142627,true,"pthread-Intel(R) Core(TM) Ultra 9 185H",16,16,1,16,16,1,8192,0.0430774
matmul_global,FP32,32,0.042383,true,"pthread-Intel(R) Core(TM) Ultra 9 185H",32,32,1,16,16,1,65536,0.289928
matmul_global,FP64,32,0.487986,true,"pthread-Intel(R) Core(TM) Ultra 9 185H",32,32,1,16,16,1,65536,0.0503621
matmul_global,FP32,64,0.090855,true,"pthread-Intel(R) Core(TM) Ultra 9 185H",64,64,1,16,16,1,524288,0.540994
matmul_global,FP64,64,0.102498,true,"pthread-Intel(R) Core(TM) Ultra 9 185H",64,64,1,16,16,1,524288,0.959082
matmul_global,FP32,128,0.267623,true,"pthread-Intel(R) Core(TM) Ultra 9 185H",128,128,1,16,16,1,4.1943e+06,0.734645
matmul_global,FP64,128,0.285975,true,"pthread-Intel(R) Core(TM) Ultra 9 185H",128,128,1,16,16,1,4.1943e+06,1.375
matmul_shared,FP32,16,0.090838,true,"pthread-Intel(R) Core(TM) Ultra 9 185H",16,16,1,16,16,1,8192,0.0338184
matmul_shared,FP64,16,0.16308,true,"pthread-Intel(R) Core(TM) Ultra 9 185H",16,16,1,16,16,1,8192,0.0376748
matmul_shared,FP32,32,0.088578,true,"pthread-Intel(R) Core(TM) Ultra 9 185H",32,32,1,16,16,1,65536,0.138725
matmul_shared,FP64,32,0.084955,true,"pthread-Intel(R) Core(TM) Ultra 9 185H",32,32,1,16,16,1,65536,0.289283
matmul_shared,FP32,64,0.133011,true,"pthread-Intel(R) Core(TM) Ultra 9 185H",64,64,1,16,16,1,524288,0.369533
matmul_shared,FP64,64,0.116254,true,"pthread-Intel(R) Core(TM) Ultra 9 185H",64,64,1,16,16,1,524288,0.845597
matmul_shared,FP32,128,0.398523,true,"pthread-Intel(R) Core(TM) Ultra 9 185H",128,128,1,16,16,1,4.1943e+06,0.493342
matmul_shared,FP64,128,0.436742,true,"pthread-Intel(R) Core(TM) Ultra 9 185H",128,128,1,16,16,1,4.1943e+06,0.900339
reduction_global,FP32,256,0.13149,true,"pthread-Intel(R) Core(TM) Ultra 9 185H",256,1,1,256,1,1,256,0.0155753
reduction_global,FP64,256,0.126302,true,"pthread-Intel(R) Core(TM) Ultra 9 185H",256,1,1,256,1,1,256,0.0324302
reduction_global,FP32,1024,0.026421,true,"pthread-Intel(R) Core(TM) Ultra 9 185H",1024,1,1,256,1,1,1024,0.310056
reduction_global,FP64,1024,0.050728,true,"pthread-Intel(R) Core(TM) Ultra 9 185H",1024,1,1,256,1,1,1024,0.322977
reduction_global,FP32,4096,0.030147,true,"pthread-Intel(R) Core(TM) Ultra 9 185H",4096,1,1,256,1,1,4096,1.08694
reduction_global,FP64,4096,0.039095,true,"pthread-Intel(R) Core(TM) Ultra 9 185H",4096,1,1,256,1,1,4096,1.67633
reduction_shared,FP32,256,0.143057,true,"pthread-Intel(R) Core(TM) Ultra 9 185H",256,1,1,256,1,1,256,0.014316
reduction_shared,FP64,256,0.118193,true,"pthread-Intel(R) Core(TM) Ultra 9 185H",256,1,1,256,1,1,256,0.0346552
reduction_shared,FP32,1024,0.062321,true,"pthread-Intel(R) Core(TM) Ultra 9 185H",1024,1,1,256,1,1,1024,0.131448
reduction_shared,FP64,1024,0.043922,true,"pthread-Intel(R) Core(TM) Ultra 9 185H",1024,1,1,256,1,1,1024,0.373025
reduction_shared,FP32,4096,0.056738,true,"pthread-Intel(R) Core(TM) Ultra 9 185H",4096,1,1,256,1,1,4096,0.577532
reduction_shared,FP64,4096,0.053761,true,"pthread-Intel(R) Core(TM) Ultra 9 185H",4096,1,1,256,1,1,4096,1.21902
scan_shared,FP32,256,0.126369,true,"pthread-Intel(R) Core(TM) Ultra 9 185H",256,1,1,256,1,1,256,0.0162065
scan_shared,FP64,256,0.140453,true,"pthread-Intel(R) Core(TM) Ultra 9 185H",256,1,1,256,1,1,256,0.0291628
scan_shared,FP32,1024,0.051465,false,"pthread-Intel(R) Core(TM) Ultra 9 185H",1024,1,1,256,1,1,1024,0.159176
scan_shared,FP64,1024,0.033226,false,"pthread-Intel(R) Core(TM) Ultra 9 185H",1024,1,1,256,1,1,1024,0.493108
scan_shared,FP32,4096,0.057025,false,"pthread-Intel(R) Core(TM) Ultra 9 185H",4096,1,1,256,1,1,4096,0.574625
scan_shared,FP64,4096,0.070135,false,"pthread-Intel(R) Core(TM) Ultra 9 185H",4096,1,1,256,1,1,4096,0.934426
spmv_csr,FP32,128,0.132562,true,"pthread-Intel(R) Core(TM) Ultra 9 185H",256,1,1,256,1,1,1280,0.0502406
spmv_csr,FP64,128,0.130659,true,"pthread-Intel(R) Core(TM) Ultra 9 185H",256,1,1,256,1,1,1280,0.0784026
spmv_csr,FP32,256,0.002386,true,"pthread-Intel(R) Core(TM) Ultra 9 185H",256,1,1,256,1,1,2560,5.58089
spmv_csr,FP64,256,0.047757,true,"pthread-Intel(R) Core(TM) Ultra 9 185H",256,1,1,256,1,1,2560,0.428921
spmv_csr,FP32,512,0.032903,true,"pthread-Intel(R) Core(TM) Ultra 9 185H",512,1,1,256,1,1,5120,0.809288
spmv_csr,FP64,512,0.04188,true,"pthread-Intel(R) Core(TM) Ultra 9 185H",512,1,1,256,1,1,5120,0.978128
vecadd_basic,FP32,64,0.078568,true,"pthread-Intel(R) Core(TM) Ultra 9 185H",256,1,1,256,1,1,64,0.00977497
vecadd_basic,FP64,64,0.086074,true,"pthread-Intel(R) Core(TM) Ultra 9 185H",256,1,1,256,1,1,64,0.0178451
vecadd_basic,FP32,256,0.005747,true,"pthread-Intel(R) Core(TM) Ultra 9 185H",256,1,1,256,1,1,256,0.53454
vecadd_basic,FP64,256,0.007471,true,"pthread-Intel(R) Core(TM) Ultra 9 185H",256,1,1,256,1,1,256,0.82238
vecadd_basic,FP32,1024,0.047469,true,"pthread-Intel(R) Core(TM) Ultra 9 185H",1024,1,1,256,1,1,1024,0.258864
vecadd_basic,FP64,1024,0.030135,true,"pthread-Intel(R) Core(TM) Ultra 9 185H",1024,1,1,256,1,1,1024,0.81553
vecadd_basic,FP32,4096,0.044895,true,"pthread-Intel(R) Core(TM) Ultra 9 185H",4096,1,1,256,1,1,4096,1.09482
vecadd_basic,FP64,4096,0.086355,true,"pthread-Intel(R) Core(TM) Ultra 9 185H",4096,1,1,256,1,1,4096,1.13837
dot_global,FP32,256,0.116407,true,"pthread-Intel(R) Core(TM) Ultra 9 185H",256,1,1,256,1,1,512,0.0263902
dot_global,FP64,256,0.093139,true,"pthread-Intel(R) Core(TM) Ultra 9 185H",256,1,1,256,1,1,512,0.0659659
dot_global,FP32,1024,0.042386,true,"pthread-Intel(R) Core(TM) Ultra 9 185H",1024,1,1,256,1,1,2048,0.289907
dot_global,FP64,1024,0.031102,true,"pthread-Intel(R) Core(TM) Ultra 9 185H",1024,1,1,256,1,1,2048,0.790174
dot_global,FP32,4096,0.088603,true,"pthread-Intel(R) Core(TM) Ultra 9 185H",4096,1,1,256,1,1,8192,0.554744
dot_global,FP64,4096,0.048057,true,"pthread-Intel(R) Core(TM) Ultra 9 185H",4096,1,1,256,1,1,8192,2.04557
dot_shared,FP32,256,0.110934,true,"pthread-Intel(R) Core(TM) Ultra 9 185H",256,1,1,256,1,1,512,0.0276921
dot_shared,FP64,256,0.129641,true,"pthread-Intel(R) Core(TM) Ultra 9 185H",256,1,1,256,1,1,512,0.0473924
dot_shared,FP32,1024,0.060315,true,"pthread-Intel(R) Core(TM) Ultra 9 185H",1024,1,1,256,1,1,2048,0.20373
dot_shared,FP64,1024,0.044447,true,"pthread-Intel(R) Core(TM) Ultra 9 185H",1024,1,1,256,1,1,2048,0.552928
dot_shared,FP32,4096,0.053625,true,"pthread-Intel(R) Core(TM) Ultra 9 185H",4096,1,1,256,1,1,8192,0.916587
dot_shared,FP64,4096,0.054423,true,"pthread-Intel(R) Core(TM) Ultra 9 185H",4096,1,1,256,1,1,8192,1.8063
gemv_global,FP32,16,0.191381,true,"pthread-Intel(R) Core(TM) Ultra 9 185H",256,1,1,256,1,1,512,0.00601941
gemv_global,FP64,16,0.088676,true,"pthread-Intel(R) Core(TM) Ultra 9 185H",256,1,1,256,1,1,512,0.0259822
gemv_global,FP32,32,0.029244,true,"pthread-Intel(R) Core(TM) Ultra 9 185H",256,1,1,256,1,1,2048,0.148817
gemv_global,FP64,32,0.002452,true,"pthread-Intel(R) Core(TM) Ultra 9 185H",256,1,1,256,1,1,2048,3.54976
gemv_global,FP32,64,0.003551,true,"pthread-Intel(R) Core(TM) Ultra 9 185H",256,1,1,256,1,1,8192,4.7581
gemv_global,FP64,64,0.024463,true,"pthread-Intel(R) Core(TM) Ultra 9 185H",256,1,1,256,1,1,8192,1.38135
gemv_global,FP32,128,0.028099,true,"pthread-Intel(R) Core(TM) Ultra 9 185H",256,1,1,256,1,1,32768,2.36877
gemv_global,FP64,128,0.007943,true,"pthread-Intel(R) Core(TM) Ultra 9 185H",256,1,1,256,1,1,32768,16.7594
matmul_global,FP32,16,0.178557,true,"pthread-Intel(R) Core(TM) Ultra 9 185H",16,16,1,16,16,1,8192,0.0172046
matmul_global,FP64,16,0.113786,true,"pthread-Intel(R) Core(TM) Ultra 9 185H",16,16,1,16,16,1,8192,0.0539961
matmul_global,FP32,32,0.041252,true,"pthread-Intel(R) Core(TM) Ultra 9 185H",32,32,1,16,16,1,65536,0.297876
matmul_global,FP64,32,0.01872,true,"pthread-Intel(R) Core(TM) Ultra 9 185H",32,32,1,16,16,1,65536,1.31282
matmul_global,FP32,64,0.045902,true,"pthread-Intel(R) Core(TM) Ultra 9 185H",64,64,1,16,16,1,524288,1.0708
matmul_global,FP64,64,0.087048,true,"pthread-Intel(R) Core(TM) Ultra 9 185H",64,64,1,16,16,1,524288,1.12931
matmul_global,FP32,128,0.295589,true,"pthread-Intel(R) Core(TM) Ultra 9 185H",128,128,1,16,16,1,4.1943e+06,0.66514
matmul_global,FP64,128,0.294093,true,"pthread-Intel(R) Core(TM) Ultra 9 185H",128,128,1,16,16,1,4.1943e+06,1.33705
matmul_shared,FP32,16,0.203451,true,"pthread-Intel(R) Core(TM) Ultra 9 185H",16,16,1,16,16,1,8192,0.0150995
matmul_shared,FP64,16,0.183164,true,"pthread-Intel(R) Core(TM) Ultra 9 185H",16,16,1,16,16,1,8192,0.0335437
matmul_shared,FP32,32,0.064083,true,"pthread-Intel(R) Core(TM) Ultra 9 185H",32,32,1,16,16,1,65536,0.191751
matmul_shared,FP64,32,0.084676,true,"pthread-Intel(R) Core(TM) Ultra 9 185H",32,32,1,16,16,1,65536,0.290236
matmul_shared,FP32,64,0.177311,true,"pthread-Intel(R) Core(TM) Ultra 9 185H",64,64,1,16,16,1,524288,0.277208
matmul_shared,FP64,64,0.141776,true,"pthread-Intel(R) Core(TM) Ultra 9 185H",64,64,1,16,16,1,524288,0.693375
matmul_shared,FP32,128,0.406721,true,"pthread-Intel(R) Core(TM) Ultra 9 185H",128,128,1,16,16,1,4.1943e+06,0.483398
matmul_shared,FP64,128,0.641565,true,"pthread-Intel(R) Core(TM) Ultra 9 185H",128,128,1,16,16,1,4.1943e+06,0.612901
reduction_global,FP32,256,0.150318,true,"pthread-Intel(R) Core(TM) Ultra 9 185H",256,1,1,256,1,1,256,0.0136244
reduction_global,FP64,256,0.117344,true,"pthread-Intel(R) Core(TM) Ultra 9 185H",256,1,1,256,1,1,256,0.0349059
reduction_global,FP32,1024,0.029166,true,"pthread-Intel(R) Core(TM) Ultra 9 185H",1024,1,1,256,1,1,1024,0.280875
reduction_global,FP64,1024,0.042084,true,"pthread-Intel(R) Core(TM) Ultra 9 185H",1024,1,1,256,1,1,1024,0.389317
reduction_global,FP32,4096,0.041772,true,"pthread-Intel(R) Core(TM) Ultra 9 185H",4096,1,1,256,1,1,4096,0.784449
reduction_global,FP64,4096,0.041238,true,"pthread-Intel(R) Core(TM) Ultra 9 185H",4096,1,1,256,1,1,4096,1.58921
reduction_shared,FP32,256,0.115475,true,"pthread-Intel(R) Core(TM) Ultra 9 185H",256,1,1,256,1,1,256,0.0177354
reduction_shared,FP64,256,0.189479,true,"pthread-Intel(R) Core(TM) Ultra 9 185H",256,1,1,256,1,1,256,0.0216172
reduction_shared,FP32,1024,0.061091,true,"pthread-Intel(R) Core(TM) Ultra 9 185H",1024,1,1,256,1,1,1024,0.134095
reduction_shared,FP64,1024,0.036292,true,"pthread-Intel(R) Core(TM) Ultra 9 185H",1024,1,1,256,1,1,1024,0.451449
reduction_shared,FP32,4096,0.05289,true,"pthread-Intel(R) Core(TM) Ultra 9 185H",4096,1,1,256,1,1,4096,0.61955
reduction_shared,FP64,4096,0.044293,true,"pthread-Intel(R) Core(TM) Ultra 9 185H",4096,1,1,256,1,1,4096,1.4796
scan_shared,FP32,256,0.120112,true,"pthread-Intel(R) Core(TM) Ultra 9 185H",256,1,1,256,1,1,256,0.0170508
scan_shared,FP64,256,0.084756,true,"pthread-Intel(R) Core(TM) Ultra 9 185H",256,1,1,256,1,1,256,0.048327
scan_shared,FP32,1024,0.060566,false,"pthread-Intel(R) Core(TM) Ultra 9 185H",1024,1,1,256,1,1,1024,0.135257
scan_shared,FP64,1024,0.046561,false,"pthread-Intel(R) Core(TM) Ultra 9 185H",1024,1,1,256,1,1,1024,0.351882
scan_shared,FP32,4096,0.085521,false,"pthread-Intel(R) Core(TM) Ultra 9 185H",4096,1,1,256,1,1,4096,0.383157
scan_shared,FP64,4096,0.082855,false,"pthread-Intel(R) Core(TM) Ultra 9 185H",4096,1,1,256,1,1,4096,0.790972
spmv_csr,FP32,128,0.169584,true,"pthread-Intel(R) Core(TM) Ultra 9 185H",256,1,1,256,1,1,1280,0.0392726
spmv_csr,FP64,128,0.135815,true,"pthread-Intel(R) Core(TM) Ultra 9 185H",256,1,1,256,1,1,1280,0.0754261
spmv_csr,FP32,256,0.002083,true,"pthread-Intel(R) Core(TM) Ultra 9 185H",256,1,1,256,1,1,2560,6.3927
spmv_csr,FP64,256,0.002532,true,"pthread-Intel(R) Core(TM) Ultra 9 185H",256,1,1,256,1,1,2560,8.09005
spmv_csr,FP32,512,0.042747,true,"pthread-Intel(R) Core(TM) Ultra 9 185H",512,1,1,256,1,1,5120,0.622921
spmv_csr,FP64,512,0.036458,true,"pthread-Intel(R) Core(TM) Ultra 9 185H",512,1,1,256,1,1,5120,1.12359
softmax_basic,FP32,64,0.150327,false,"pthread-Intel(R) Core(TM) Ultra 9 185H",256,1,1,256,1,1,256,0.00340591
softmax_basic,FP64,64,0.180733,false,"pthread-Intel(R) Core(TM) Ultra 9 185H",256,1,1,256,1,1,256,0.00566582
softmax_basic,FP32,128,0.038984,false,"pthread-Intel(R) Core(TM) Ultra 9 185H",256,1,1,256,1,1,512,0.0262672
softmax_basic,FP64,128,0.005467,false,"pthread-Intel(R) Core(TM) Ultra 9 185H",256,1,1,256,1,1,512,0.374611
softmax_basic,FP32,256,0.005581,false,"pthread-Intel(R) Core(TM) Ultra 9 185H",256,1,1,256,1,1,1024,0.366959
softmax_basic,FP64,256,0.006635,false,"pthread-Intel(R) Core(TM) Ultra 9 185H",256,1,1,256,1,1,1024,0.617332
activation_relu,FP32,1024,0.096047,true,"pthread-Intel(R) Core(TM) Ultra 9 185H",1024,1,1,256,1,1,1024,0.0852916
activation_relu,FP64,1024,0.246577,true,"pthread-Intel(R) Core(TM) Ultra 9 185H",1024,1,1,256,1,1,1024,0.0664458
activation_relu,FP32,4096,0.03647,true,"pthread-Intel(R) Core(TM) Ultra 9 185H",4096,1,1,256,1,1,4096,0.898492
activation_relu,FP64,4096,0.015615,true,"pthread-Intel(R) Core(TM) Ultra 9 185H",4096,1,1,256,1,1,4096,4.19699
activation_gelu,FP32,1024,0.13353,false,"pthread-Intel(R) Core(TM) Ultra 9 185H",1024,1,1,256,1,1,20480,0.0613495
activation_gelu,FP64,1024,0.13355,false,"pthread-Intel(R) Core(TM) Ultra 9 185H",1024,1,1,256,1,1,20480,0.122681
activation_gelu,FP32,4096,0.066458,false,"pthread-Intel(R) Core(TM) Ultra 9 185H",4096,1,1,256,1,1,81920,0.493063
activation_gelu,FP64,4096,0.101685,false,"pthread-Intel(R) Core(TM) Ultra 9 185H",4096,1,1,256,1,1,81920,0.6445
bfs_basic,INT,256,0.128791,true,"pthread-Intel(R) Core(TM) Ultra 9 185H",256,1,1,256,1,1,0,0.063638
bfs_basic,INT,512,0.04517,true,"pthread-Intel(R) Core(TM) Ultra 9 185H",512,1,1,256,1,1,0,0.362807
dfs_basic,INT,256,0.144016,true,"pthread-Intel(R) Core(TM) Ultra 9 185H",256,1,1,256,1,1,0,0.0569103
dfs_basic,INT,512,0.04812,true,"pthread-Intel(R) Core(TM) Ultra 9 185H",512,1,1,256,1,1,0,0.340565
pagerank_basic,FP32,128,0.137903,true,"pthread-Intel(R) Core(TM) Ultra 9 185H",256,1,1,256,1,1,0,0.029731
pagerank_basic,FP64,128,0.128079,true,"pthread-Intel(R) Core(TM) Ultra 9 185H",256,1,1,256,1,1,0,0.0400066
pagerank_basic,FP32,256,0.007387,true,"pthread-Intel(R) Core(TM) Ultra 9 185H",256,1,1,256,1,1,0,1.10952
pagerank_basic,FP64,256,0.006892,true,"pthread-Intel(R) Core(TM) Ultra 9 185H",256,1,1,256,1,1,0,1.48636
stencil2d_3x3,FP32,32,0.120649,false,"pthread-Intel(R) Core(TM) Ultra 9 185H",32,32,1,16,16,1,9216,0.0678994
stencil2d_3x3,FP64,32,0.159415,false,"pthread-Intel(R) Core(TM) Ultra 9 185H",32,32,1,16,16,1,9216,0.102776
stencil2d_3x3,FP32,64,0.069728,false,"pthread-Intel(R) Core(TM) Ultra 9 185H",64,64,1,16,16,1,36864,0.46994
stencil2d_3x3,FP64,64,0.065061,false,"pthread-Intel(R) Core(TM) Ultra 9 185H",64,64,1,16,16,1,36864,1.0073
stencil2d_5x5,FP32,32,0.123381,false,"pthread-Intel(R) Core(TM) Ultra 9 185H",32,32,1,16,16,1,25600,0.066396
stencil2d_5x5,FP64,32,0.139177,false,"pthread-Intel(R) Core(TM) Ultra 9 185H",32,32,1,16,16,1,25600,0.117721
stencil2d_5x5,FP32,64,0.077849,false,"pthread-Intel(R) Core(TM) Ultra 9 185H",64,64,1,16,16,1,102400,0.420917
stencil2d_5x5,FP64,64,0.072088,false,"pthread-Intel(R) Core(TM) Ultra 9 185H",64,64,1,16,16,1,102400,0.909111
stencil3d_global,FP32,16,0.15449,false,"pthread-Intel(R) Core(TM) Ultra 9 185H",16,16,16,8,8,2,110592,0.212104
stencil3d_global,FP64,16,0.275524,false,"pthread-Intel(R) Core(TM) Ultra 9 185H",16,16,16,8,8,2,110592,0.237859
stencil3d_global,FP32,32,0.080194,false,"pthread-Intel(R) Core(TM) Ultra 9 185H",32,32,32,8,8,2,884736,3.26887
stencil3d_global,FP64,32,0.111063,false,"pthread-Intel(R) Core(TM) Ultra 9 185H",32,32,32,8,8,2,884736,4.72064
stencil3d_shared,FP32,16,0.174396,false,"pthread-Intel(R) Core(TM) Ultra 9 185H",16,16,16,8,8,2,110592,0.187894
stencil3d_shared,FP64,16,0.175531,false,"pthread-Intel(R) Core(TM) Ultra 9 185H",16,16,16,8,8,2,110592,0.373359
stencil3d_shared,FP32,32,0.125212,false,"pthread-Intel(R) Core(TM) Ultra 9 185H",32,32,32,8,8,2,884736,2.0936
stencil3d_shared,FP64,32,0.113688,false,"pthread-Intel(R) Core(TM) Ultra 9 185H",32,32,32,8,8,2,884736,4.61164
histogram_global,INT,1024,0.1526,true,"pthread-Intel(R) Core(TM) Ultra 9 185H",1024,1,1,256,1,1,0,0.0335518
histogram_global,INT,4096,0.07877,true,"pthread-Intel(R) Core(TM) Ultra 9 185H",4096,1,1,256,1,1,0,0.220998
histogram_shared,INT,1024,0.139947,true,"pthread-Intel(R) Core(TM) Ultra 9 185H",1024,1,1,256,1,1,0,0.0365853
histogram_shared,INT,4096,0.067096,true,"pthread-Intel(R) Core(TM) Ultra 9 185H",4096,1,1,256,1,1,0,0.259449
sort_bitonic,INT,256,0.373591,false,"pthread-Intel(R) Core(TM) Ultra 9 185H",128,1,1,128,1,1,0,0.00274097
sort_bitonic,INT,1024,0.616522,false,"pthread-Intel(R) Core(TM) Ultra 9 185H",512,1,1,128,1,1,0,0.00664372
vecadd_basic,FP32,64,0.18808,true,"pthread-Intel(R) Core(TM) Ultra 9 185H",256,1,1,256,1,1,64,0.00408337
vecadd_basic,FP64,64,0.096083,true,"pthread-Intel(R) Core(TM) Ultra 9 185H",256,1,1,256,1,1,64,0.0159862
vecadd_basic,FP32,256,0.010057,true,"pthread-Intel(R) Core(TM) Ultra 9 185H",256,1,1,256,1,1,256,0.305459
vecadd_basic,FP64,256,0.01408,true,"pthread-Intel(R) Core(TM) Ultra 9 185H",256,1,1,256,1,1,256,0.436364
vecadd_basic,FP32,1024,0.082614,true,"pthread-Intel(R) Core(TM) Ultra 9 185H",1024,1,1,256,1,1,1024,0.14874
vecadd_basic,FP64,1024,0.079722,true,"pthread-Intel(R) Core(TM) Ultra 9 185H",1024,1,1,256,1,1,1024,0.308271
vecadd_basic,FP32,4096,0.057723,true,"pthread-Intel(R) Core(TM) Ultra 9 185H",4096,1,1,256,1,1,4096,0.851515
vecadd_basic,FP64,4096,0.069504,true,"pthread-Intel(R) Core(TM) Ultra 9 185H",4096,1,1,256,1,1,4096,1.41436
dot_global,FP32,256,0.20743,true,"pthread-Intel(R) Core(TM) Ultra 9 185H",256,1,1,256,1,1,512,0.0148098
dot_global,FP64,256,0.154198,true,"pthread-Intel(R) Core(TM) Ultra 9 185H",256,1,1,256,1,1,512,0.0398449
dot_global,FP32,1024,0.060907,true,"pthread-Intel(R) Core(TM) Ultra 9 185H",1024,1,1,256,1,1,2048,0.20175
dot_global,FP64,1024,0.067049,true,"pthread-Intel(R) Core(TM) Ultra 9 185H",1024,1,1,256,1,1,2048,0.366538
dot_global,FP32,4096,0.063204,true,"pthread-Intel(R) Core(TM) Ultra 9 185H",4096,1,1,256,1,1,8192,0.777672
dot_global,FP64,4096,0.056072,true,"pthread-Intel(R) Core(TM) Ultra 9 185H",4096,1,1,256,1,1,8192,1.75317
dot_shared,FP32,256,0.114475,true,"pthread-Intel(R) Core(TM) Ultra 9 185H",256,1,1,256,1,1,512,0.0268356
dot_shared,FP64,256,0.171378,true,"pthread-Intel(R) Core(TM) Ultra 9 185H",256,1,1,256,1,1,512,0.0358506
dot_shared,FP32,1024,0.061216,true,"pthread-Intel(R) Core(TM) Ultra 9 185H",1024,1,1,256,1,1,2048,0.200732
dot_shared,FP64,1024,0.066608,true,"pthread-Intel(R) Core(TM) Ultra 9 185H",1024,1,1,256,1,1,2048,0.368965
dot_shared,FP32,4096,0.055855,true,"pthread-Intel(R) Core(TM) Ultra 9 185H",4096,1,1,256,1,1,8192,0.879993
dot_shared,FP64,4096,0.067442,true,"pthread-Intel(R) Core(TM) Ultra 9 185H",4096,1,1,256,1,1,8192,1.45761
gemv_global,FP32,16,0.125164,true,"pthread-Intel(R) Core(TM) Ultra 9 185H",256,1,1,256,1,1,512,0.00920392
gemv_global,FP64,16,0.121533,true,"pthread-Intel(R) Core(TM) Ultra 9 185H",256,1,1,256,1,1,512,0.0189578
gemv_global,FP32,32,0.001729,true,"pthread-Intel(R) Core(TM) Ultra 9 185H",256,1,1,256,1,1,2048,2.51706
gemv_global,FP64,32,0.038364,true,"pthread-Intel(R) Core(TM) Ultra 9 185H",256,1,1,256,1,1,2048,0.226879
gemv_global,FP32,64,0.003057,true,"pthread-Intel(R) Core(TM) Ultra 9 185H",256,1,1,256,1,1,8192,5.52699
gemv_global,FP64,64,0.003292,true,"pthread-Intel(R) Core(TM) Ultra 9 185H",256,1,1,256,1,1,8192,10.2649
gemv_global,FP32,128,0.027723,true,"pthread-Intel(R) Core(TM) Ultra 9 185H",256,1,1,256,1,1,32768,2.40089
gemv_global,FP64,128,0.033742,true,"pthread-Intel(R) Core(TM) Ultra 9 185H",256,1,1,256,1,1,32768,3.94523
vecadd_basic,FP32,64,0.152617,true,"pthread-Intel(R) Core(TM) Ultra 9 185H",256,1,1,256,1,1,64,0.0050322
vecadd_basic,FP64,64,0.118179,true,"pthread-Intel(R) Core(TM) Ultra 9 185H",256,1,1,256,1,1,64,0.0129972
vecadd_basic,FP32,256,0.00782,true,"pthread-Intel(R) Core(TM) Ultra 9 185H",256,1,1,256,1,1,256,0.392839
vecadd_basic,FP64,256,0.00725,true,"pthread-Intel(R) Core(TM) Ultra 9 185H",256,1,1,256,1,1,256,0.847448
vecadd_basic,FP32,1024,0.048884,true,"pthread-Intel(R) Core(TM) Ultra 9 185H",1024,1,1,256,1,1,1024,0.251371
vecadd_basic,FP64,1024,0.045637,true,"pthread-Intel(R) Core(TM) Ultra 9 185H",1024,1,1,256,1,1,1024,0.53851
vecadd_basic,FP32,4096,0.050082,true,"pthread-Intel(R) Core(TM) Ultra 9 185H",4096,1,1,256,1,1,4096,0.98143
vecadd_basic,FP64,4096,0.034638,true,"pthread-Intel(R) Core(TM) Ultra 9 185H",4096,1,1,256,1,1,4096,2.83804
dot_global,FP32,256,0.106946,true,"pthread-Intel(R) Core(TM) Ultra 9 185H",256,1,1,256,1,1,512,0.0287248
dot_global,FP64,256,0.098357,true,"pthread-Intel(R) Core(TM) Ultra 9 185H",256,1,1,256,1,1,512,0.0624663
dot_global,FP32,1024,0.035478,true,"pthread-Intel(R) Core(TM) Ultra 9 185H",1024,1,1,256,1,1,2048,0.346355
dot_global,FP64,1024,0.038281,true,"pthread-Intel(R) Core(TM) Ultra 9 185H",1024,1,1,256,1,1,2048,0.641989
dot_global,FP32,4096,0.033694,true,"pthread-Intel(R) Core(TM) Ultra 9 185H",4096,1,1,256,1,1,8192,1.45878
dot_global,FP64,4096,0.054542,true,"pthread-Intel(R) Core(TM) Ultra 9 185H",4096,1,1,256,1,1,8192,1.80235
dot_shared,FP32,256,0.116452,true,"pthread-Intel(R) Core(TM) Ultra 9 185H",256,1,1,256,1,1,512,0.02638
dot_shared,FP64,256,0.108721,true,"pthread-Intel(R) Core(TM) Ultra 9 185H",256,1,1,256,1,1,512,0.0565116
dot_shared,FP32,1024,0.077245,true,"pthread-Intel(R) Core(TM) Ultra 9 185H",1024,1,1,256,1,1,2048,0.159078
dot_shared,FP64,1024,0.049901,true,"pthread-Intel(R) Core(TM) Ultra 9 185H",1024,1,1,256,1,1,2048,0.492495
dot_shared,FP32,4096,0.042683,true,"pthread-Intel(R) Core(TM) Ultra 9 185H",4096,1,1,256,1,1,8192,1.15156
dot_shared,FP64,4096,0.0592,true,"pthread-Intel(R) Core(TM) Ultra 9 185H",4096,1,1,256,1,1,8192,1.66054
gemv_global,FP32,16,0.138109,true,"pthread-Intel(R) Core(TM) Ultra 9 185H",256,1,1,256,1,1,512,0.00834124
gemv_global,FP64,16,0.124836,true,"pthread-Intel(R) Core(TM) Ultra 9 185H",256,1,1,256,1,1,512,0.0184562
gemv_global,FP32,32,0.04084,true,"pthread-Intel(R) Core(TM) Ultra 9 185H",256,1,1,256,1,1,2048,0.106562
gemv_global,FP64,32,0.023404,true,"pthread-Intel(R) Core(TM) Ultra 9 185H",256,1,1,256,1,1,2048,0.371902
gemv_global,FP32,64,0.008686,true,"pthread-Intel(R) Core(TM) Ultra 9 185H",256,1,1,256,1,1,8192,1.9452
gemv_global,FP64,64,0.002716,true,"pthread-Intel(R) Core(TM) Ultra 9 185H",256,1,1,256,1,1,8192,12.4418
gemv_global,FP32,128,0.007023,true,"pthread-Intel(R) Core(TM) Ultra 9 185H",256,1,1,256,1,1,32768,9.47743
gemv_global,FP64,128,0.007924,true,"pthread-Intel(R) Core(TM) Ultra 9 185H",256,1,1,256,1,1,32768,16.7996
matmul_global,FP32,16,0.113049,true,"pthread-Intel(R) Core(TM) Ultra 9 185H",16,16,1,16,16,1,8192,0.0271741
matmul_global,FP64,16,0.102786,true,"pthread-Intel(R) Core(TM) Ultra 9 185H",16,16,1,16,16,1,8192,0.0597747
matmul_global,FP32,32,0.043301,true,"pthread-Intel(R) Core(TM) Ultra 9 185H",32,32,1,16,16,1,65536,0.283781
matmul_global,FP64,32,0.040208,true,"pthread-Intel(R) Core(TM) Ultra 9 185H",32,32,1,16,16,1,65536,0.611222
matmul_global,FP32,64,0.069887,true,"pthread-Intel(R) Core(TM) Ultra 9 185H",64,64,1,16,16,1,524288,0.703307
matmul_global,FP64,64,0.063877,true,"pthread-Intel(R) Core(TM) Ultra 9 185H",64,64,1,16,16,1,524288,1.53896
matmul_global,FP32,128,0.253683,true,"pthread-Intel(R) Core(TM) Ultra 9 185H",128,128,1,16,16,1,4.1943e+06,0.775014
matmul_global,FP64,128,0.271264,true,"pthread-Intel(R) Core(TM) Ultra 9 185H",128,128,1,16,16,1,4.1943e+06,1.44957
matmul_shared,FP32,16,0.167458,true,"pthread-Intel(R) Core(TM) Ultra 9 185H",16,16,1,16,16,1,8192,0.0183449
matmul_shared,FP64,16,0.133008,true,"pthread-Intel(R) Core(TM) Ultra 9 185H",16,16,1,16,16,1,8192,0.0461927
matmul_shared,FP32,32,0.093843,true,"pthread-Intel(R) Core(TM) Ultra 9 185H",32,32,1,16,16,1,65536,0.130942
matmul_shared,FP64,32,0.077775,true,"pthread-Intel(R) Core(TM) Ultra 9 185H",32,32,1,16,16,1,65536,0.315988
matmul_shared,FP32,64,0.118368,true,"pthread-Intel(R) Core(TM) Ultra 9 185H",64,64,1,16,16,1,524288,0.415247
matmul_shared,FP64,64,0.206226,true,"pthread-Intel(R) Core(TM) Ultra 9 185H",64,64,1,16,16,1,524288,0.476681
matmul_shared,FP32,128,0.414231,true,"pthread-Intel(R) Core(TM) Ultra 9 185H",128,128,1,16,16,1,4.1943e+06,0.474634
matmul_shared,FP64,128,0.408145,true,"pthread-Intel(R) Core(TM) Ultra 9 185H",128,128,1,16,16,1,4.1943e+06,0.963422
reduction_global,FP32,256,0.172871,true,"pthread-Intel(R) Core(TM) Ultra 9 185H",256,1,1,256,1,1,256,0.011847
reduction_global,FP64,256,0.166159,true,"pthread-Intel(R) Core(TM) Ultra 9 185H",256,1,1,256,1,1,256,0.0246511
reduction_global,FP32,1024,0.05421,true,"pthread-Intel(R) Core(TM) Ultra 9 185H",1024,1,1,256,1,1,1024,0.151116
reduction_global,FP64,1024,0.046563,true,"pthread-Intel(R) Core(TM) Ultra 9 185H",1024,1,1,256,1,1,1024,0.351867
reduction_global,FP32,4096,0.039733,true,"pthread-Intel(R) Core(TM) Ultra 9 185H",4096,1,1,256,1,1,4096,0.824705
reduction_global,FP64,4096,0.04041,true,"pthread-Intel(R) Core(TM) Ultra 9 185H",4096,1,1,256,1,1,4096,1.62178
reduction_shared,FP32,256,0.107242,true,"pthread-Intel(R) Core(TM) Ultra 9 185H",256,1,1,256,1,1,256,0.019097
reduction_shared,FP64,256,0.110425,true,"pthread-Intel(R) Core(TM) Ultra 9 185H",256,1,1,256,1,1,256,0.037093
reduction_shared,FP32,1024,0.055127,true,"pthread-Intel(R) Core(TM) Ultra 9 185H",1024,1,1,256,1,1,1024,0.148602
reduction_shared,FP64,1024,0.039949,true,"pthread-Intel(R) Core(TM) Ultra 9 185H",1024,1,1,256,1,1,1024,0.410123
reduction_shared,FP32,4096,0.021869,true,"pthread-Intel(R) Core(TM) Ultra 9 185H",4096,1,1,256,1,1,4096,1.49838
reduction_shared,FP64,4096,0.059149,true,"pthread-Intel(R) Core(TM) Ultra 9 185H",4096,1,1,256,1,1,4096,1.10798
scan_shared,FP32,256,0.152316,true,"pthread-Intel(R) Core(TM) Ultra 9 185H",256,1,1,256,1,1,256,0.0134457
scan_shared,FP64,256,0.093031,true,"pthread-Intel(R) Core(TM) Ultra 9 185H",256,1,1,256,1,1,256,0.0440283
scan_shared,FP32,1024,0.039954,false,"pthread-Intel(R) Core(TM) Ultra 9 185H",1024,1,1,256,1,1,1024,0.205036
scan_shared,FP64,1024,0.045651,false,"pthread-Intel(R) Core(TM) Ultra 9 185H",1024,1,1,256,1,1,1024,0.358897
scan_shared,FP32,4096,0.057007,false,"pthread-Intel(R) Core(TM) Ultra 9 185H",4096,1,1,256,1,1,4096,0.574807
scan_shared,FP64,4096,0.061754,false,"pthread-Intel(R) Core(TM) Ultra 9 185H",4096,1,1,256,1,1,4096,1.06124
spmv_csr,FP32,128,0.100299,true,"pthread-Intel(R) Core(TM) Ultra 9 185H",256,1,1,256,1,1,1280,0.0664015
spmv_csr,FP64,128,0.125465,true,"pthread-Intel(R) Core(TM) Ultra 9 185H",256,1,1,256,1,1,1280,0.0816483
spmv_csr,FP32,256,0.002345,true,"pthread-Intel(R) Core(TM) Ultra 9 185H",256,1,1,256,1,1,2560,5.67846
spmv_csr,FP64,256,0.040695,true,"pthread-Intel(R) Core(TM) Ultra 9 185H",256,1,1,256,1,1,2560,0.503354
spmv_csr,FP32,512,0.036715,true,"pthread-Intel(R) Core(TM) Ultra 9 185H",512,1,1,256,1,1,5120,0.725262
spmv_csr,FP64,512,0.034163,true,"pthread-Intel(R) Core(TM) Ultra 9 185H",512,1,1,256,1,1,5120,1.19908
conv2d_global,FP32,16,0.276298,true,"pthread-Intel(R) Core(TM) Ultra 9 185H",16,16,1,16,16,1,4608,0.00754258
conv2d_global,FP64,16,0.251945,true,"pthread-Intel(R) Core(TM) Ultra 9 185H",16,16,1,16,16,1,4608,0.0165433
conv2d_global,FP32,32,0.10277,true,"pthread-Intel(R) Core(TM) Ultra 9 185H",32,32,1,16,16,1,18432,0.0800623
conv2d_global,FP64,32,0.045862,true,"pthread-Intel(R) Core(TM) Ultra 9 185H",32,32,1,16,16,1,18432,0.358816
conv2d_global,FP32,64,0.063507,true,"pthread-Intel(R) Core(TM) Ultra 9 185H",64,64,1,16,16,1,73728,0.516541
conv2d_global,FP64,64,0.059739,true,"pthread-Intel(R) Core(TM) Ultra 9 185H",64,64,1,16,16,1,73728,1.09824
conv2d_shared,FP32,16,0.284521,true,"pthread-Intel(R) Core(TM) Ultra 9 185H",16,16,1,16,16,1,4608,0.00732459
conv2d_shared,FP64,16,0.308181,true,"pthread-Intel(R) Core(TM) Ultra 9 185H",16,16,1,16,16,1,4608,0.0135245
conv2d_shared,FP32,32,0.121063,true,"pthread-Intel(R) Core(TM) Ultra 9 185H",32,32,1,16,16,1,18432,0.0679646
conv2d_shared,FP64,32,0.052019,true,"pthread-Intel(R) Core(TM) Ultra 9 185H",32,32,1,16,16,1,18432,0.316346
conv2d_shared,FP32,64,0.109461,true,"pthread-Intel(R) Core(TM) Ultra 9 185H",64,64,1,16,16,1,73728,0.299687
conv2d_shared,FP64,64,0.102133,true,"pthread-Intel(R) Core(TM) Ultra 9 185H",64,64,1,16,16,1,73728,0.642378
depthwiseconv_global,FP32,16,0.33049,false,"pthread-Intel(R) Core(TM) Ultra 9 185H",16,16,32,16,16,1,147456,0.201785
depthwiseconv_global,FP64,16,0.33023,false,"pthread-Intel(R) Core(TM) Ultra 9 185H",16,16,32,16,16,1,147456,0.403888
depthwiseconv_global,FP32,32,0.212885,false,"pthread-Intel(R) Core(TM) Ultra 9 185H",32,32,32,16,16,1,589824,1.2368
depthwiseconv_global,FP64,32,0.204112,false,"pthread-Intel(R) Core(TM) Ultra 9 185H",32,32,32,16,16,1,589824,2.57992
depthwiseconv_global,FP32,64,0.364877,false,"pthread-Intel(R) Core(TM) Ultra 9 185H",64,64,32,16,16,1,2.3593e+06,2.87694
depthwiseconv_global,FP64,64,0.372724,false,"pthread-Intel(R) Core(TM) Ultra 9 185H",64,64,32,16,16,1,2.3593e+06,5.63274
depthwiseconv_tiled,FP32,16,0.317404,false,"pthread-Intel(R) Core(TM) Ultra 9 185H",16,16,32,8,8,1,147456,0.210104
depthwiseconv_tiled,FP64,16,0.293967,false,"pthread-Intel(R) Core(TM) Ultra 9 185H",16,16,32,8,8,1,147456,0.453711
depthwiseconv_tiled,FP32,32,0.205317,false,"pthread-Intel(R) Core(TM) Ultra 9 185H",32,32,32,8,8,1,589824,1.28239
depthwiseconv_tiled,FP64,32,0.157156,false,"pthread-Intel(R) Core(TM) Ultra 9 185H",32,32,32,8,8,1,589824,3.35076
depthwiseconv_tiled,FP32,64,0.381073,false,"pthread-Intel(R) Core(TM) Ultra 9 185H",64,64,32,8,8,1,2.3593e+06,2.75466
depthwiseconv_tiled,FP64,64,0.394398,false,"pthread-Intel(R) Core(TM) Ultra 9 185H",64,64,32,8,8,1,2.3593e+06,5.32319
softmax_basic,FP32,64,0.111287,false,"pthread-Intel(R) Core(TM) Ultra 9 185H",256,1,1,256,1,1,256,0.00460072
softmax_basic,FP64,64,0.093093,false,"pthread-Intel(R) Core(TM) Ultra 9 185H",256,1,1,256,1,1,256,0.0109998
softmax_basic,FP32,128,0.006035,false,"pthread-Intel(R) Core(TM) Ultra 9 185H",256,1,1,256,1,1,512,0.169677
softmax_basic,FP64,128,0.036968,false,"pthread-Intel(R) Core(TM) Ultra 9 185H",256,1,1,256,1,1,512,0.0553993
softmax_basic,FP32,256,0.007578,false,"pthread-Intel(R) Core(TM) Ultra 9 185H",256,1,1,256,1,1,1024,0.270256
softmax_basic,FP64,256,0.007812,false,"pthread-Intel(R) Core(TM) Ultra 9 185H",256,1,1,256,1,1,1024,0.524322
layernorm_basic,FP32,64,0.280451,true,"pthread-Intel(R) Core(TM) Ultra 9 185H",256,1,1,256,1,1,384,0.00182563
layernorm_basic,FP64,64,0.299781,true,"pthread-Intel(R) Core(TM) Ultra 9 185H",256,1,1,256,1,1,384,0.00341583
layernorm_basic,FP32,128,0.043598,true,"pthread-Intel(R) Core(TM) Ultra 9 185H",256,1,1,256,1,1,768,0.0234873
layernorm_basic,FP64,128,0.005819,true,"pthread-Intel(R) Core(TM) Ultra 9 185H",256,1,1,256,1,1,768,0.351951
layernorm_basic,FP32,256,0.028944,true,"pthread-Intel(R) Core(TM) Ultra 9 185H",256,1,1,256,1,1,1536,0.0707573
layernorm_basic,FP64,256,0.027973,true,"pthread-Intel(R) Core(TM) Ultra 9 185H",256,1,1,256,1,1,1536,0.146427
activation_relu,FP32,1024,0.11717,true,"pthread-Intel(R) Core(TM) Ultra 9 185H",1024,1,1,256,1,1,1024,0.0699155
activation_relu,FP64,1024,0.099037,true,"pthread-Intel(R) Core(TM) Ultra 9 185H",1024,1,1,256,1,1,1024,0.165433
activation_relu,FP32,4096,0.048851,true,"pthread-Intel(R) Core(TM) Ultra 9 185H",4096,1,1,256,1,1,4096,0.670774
activation_relu,FP64,4096,0.044688,true,"pthread-Intel(R) Core(TM) Ultra 9 185H",4096,1,1,256,1,1,4096,1.46652
activation_gelu,FP32,1024,0.16355,false,"pthread-Intel(R) Core(TM) Ultra 9 185H",1024,1,1,256,1,1,20480,0.0500887
activation_gelu,FP64,1024,0.115029,false,"pthread-Intel(R) Core(TM) Ultra 9 185H",1024,1,1,256,1,1,20480,0.142434
activation_gelu,FP32,4096,0.110067,false,"pthread-Intel(R) Core(TM) Ultra 9 185H",4096,1,1,256,1,1,81920,0.29771
activation_gelu,FP64,4096,0.100839,false,"pthread-Intel(R) Core(TM) Ultra 9 185H",4096,1,1,256,1,1,81920,0.649907
bfs_basic,INT,256,0.145899,true,"pthread-Intel(R) Core(TM) Ultra 9 185H",256,1,1,256,1,1,0,0.0561758
bfs_basic,INT,512,0.040543,true,"pthread-Intel(R) Core(TM) Ultra 9 185H",512,1,1,256,1,1,0,0.404213
dfs_basic,INT,256,0.11063,true,"pthread-Intel(R) Core(TM) Ultra 9 185H",256,1,1,256,1,1,0,0.0740848
dfs_basic,INT,512,0.022402,true,"pthread-Intel(R) Core(TM) Ultra 9 185H",512,1,1,256,1,1,0,0.731542
pagerank_basic,FP32,128,0.107539,true,"pthread-Intel(R) Core(TM) Ultra 9 185H",256,1,1,256,1,1,0,0.0381257
pagerank_basic,FP64,128,0.078133,true,"pthread-Intel(R) Core(TM) Ultra 9 185H",256,1,1,256,1,1,0,0.0655805
pagerank_basic,FP32,256,0.00819,true,"pthread-Intel(R) Core(TM) Ultra 9 185H",256,1,1,256,1,1,0,1.00073
pagerank_basic,FP64,256,0.011549,true,"pthread-Intel(R) Core(TM) Ultra 9 185H",256,1,1,256,1,1,0,0.887003
stencil2d_3x3,FP32,32,0.14709,false,"pthread-Intel(R) Core(TM) Ultra 9 185H",32,32,1,16,16,1,9216,0.0556938
stencil2d_3x3,FP64,32,0.113238,false,"pthread-Intel(R) Core(TM) Ultra 9 185H",32,32,1,16,16,1,9216,0.144686
stencil2d_3x3,FP32,64,0.057873,false,"pthread-Intel(R) Core(TM) Ultra 9 185H",64,64,1,16,16,1,36864,0.566205
stencil2d_3x3,FP64,64,0.041639,false,"pthread-Intel(R) Core(TM) Ultra 9 185H",64,64,1,16,16,1,36864,1.57391
stencil2d_5x5,FP32,32,0.134439,false,"pthread-Intel(R) Core(TM) Ultra 9 185H",32,32,1,16,16,1,25600,0.0609347
stencil2d_5x5,FP64,32,0.124658,false,"pthread-Intel(R) Core(TM) Ultra 9 185H",32,32,1,16,16,1,25600,0.131432
stencil2d_5x5,FP32,64,0.067075,false,"pthread-Intel(R) Core(TM) Ultra 9 185H",64,64,1,16,16,1,102400,0.488528
stencil2d_5x5,FP64,64,0.058302,false,"pthread-Intel(R) Core(TM) Ultra 9 185H",64,64,1,16,16,1,102400,1.12408
stencil3d_global,FP32,16,0.205597,false,"pthread-Intel(R) Core(TM) Ultra 9 185H",16,16,16,8,8,2,110592,0.15938
stencil3d_global,FP64,16,0.221344,false,"pthread-Intel(R) Core(TM) Ultra 9 185H",16,16,16,8,8,2,110592,0.296082
stencil3d_global,FP32,32,0.094754,false,"pthread-Intel(R) Core(TM) Ultra 9 185H",32,32,32,8,8,2,884736,2.76657
stencil3d_global,FP64,32,0.107277,false,"pthread-Intel(R) Core(TM) Ultra 9 185H",32,32,32,8,8,2,884736,4.88724
stencil3d_shared,FP32,16,0.199848,false,"pthread-Intel(R) Core(TM) Ultra 9 185H",16,16,16,8,8,2,110592,0.163965
stencil3d_shared,FP64,16,0.1536,false,"pthread-Intel(R) Core(TM) Ultra 9 185H",16,16,16,8,8,2,110592,0.426667
stencil3d_shared,FP32,32,0.155681,false,"pthread-Intel(R) Core(TM) Ultra 9 185H",32,32,32,8,8,2,884736,1.68385
stencil3d_shared,FP64,32,0.129248,false,"pthread-Intel(R) Core(TM) Ultra 9 185H",32,32,32,8,8,2,884736,4.05645
histogram_global,INT,1024,0.130828,true,"pthread-Intel(R) Core(TM) Ultra 9 185H",1024,1,1,256,1,1,0,0.0391354
histogram_global,INT,4096,0.099079,true,"pthread-Intel(R) Core(TM) Ultra 9 185H",4096,1,1,256,1,1,0,0.175698
histogram_shared,INT,1024,0.205581,true,"pthread-Intel(R) Core(TM) Ultra 9 185H",1024,1,1,256,1,1,0,0.024905
histogram_shared,INT,4096,0.07077,true,"pthread-Intel(R) Core(TM) Ultra 9 185H",4096,1,1,256,1,1,0,0.24598
sort_bitonic,INT,256,0.447402,false,"pthread-Intel(R) Core(TM) Ultra 9 185H",128,1,1,128,1,1,0,0.00228877
sort_bitonic,INT,1024,0.770307,false,"pthread-Intel(R) Core(TM) Ultra 9 185H",512,1,1,128,1,1,0,0.00531736
montecarlo_basic,FP32,1024,0.299627,true,"pthread-Intel(R) Core(TM) Ultra 9 185H",1024,1,1,256,1,1,4096,0.041011
montecarlo_basic,FP64,1024,0.339354,true,"pthread-Intel(R) Core(TM) Ultra 9 185H",1024,1,1,256,1,1,4096,0.06035
montecarlo_basic,FP32,4096,0.089924,true,"pthread-Intel(R) Core(TM) Ultra 9 185H",4096,1,1,256,1,1,16384,0.546595
montecarlo_basic,FP64,4096,0.053481,true,"pthread-Intel(R) Core(TM) Ultra 9 185H",4096,1,1,256,1,1,16384,1.53176
fft1d_global,FP32,256,0.338888,false,"pthread-Intel(R) Core(TM) Ultra 9 185H",256,1,1,256,1,1,10240,0.0120866
fft1d_global,FP64,256,0.402855,false,"pthread-Intel(R) Core(TM) Ultra 9 185H",256,1,1,256,1,1,10240,0.0203349
fft1d_global,FP32,1024,0.469483,false,"pthread-Intel(R) Core(TM) Ultra 9 185H",1024,1,1,256,1,1,51200,0.034898
fft1d_global,FP64,1024,0.440052,false,"pthread-Intel(R) Core(TM) Ultra 9 185H",1024,1,1,256,1,1,51200,0.0744639
fft1d_global,FP32,4096,1.12059,false,"pthread-Intel(R) Core(TM) Ultra 9 185H",4096,1,1,256,1,1,245760,0.0584833
fft1d_global,FP64,4096,0.749511,false,"pthread-Intel(R) Core(TM) Ultra 9 185H",4096,1,1,256,1,1,245760,0.174877
fft1d_staged,FP32,256,0.417133,false,"pthread-Intel(R) Core(TM) Ultra 9 185H",256,1,1,256,1,1,10240,0.00981941
fft1d_staged,FP64,256,0.576276,false,"pthread-Intel(R) Core(TM) Ultra 9 185H",256,1,1,256,1,1,10240,0.0142154
fft1d_staged,FP32,1024,0.365486,false,"pthread-Intel(R) Core(TM) Ultra 9 185H",1024,1,1,256,1,1,51200,0.044828
fft1d_staged,FP64,1024,0.402465,false,"pthread-Intel(R) Core(TM) Ultra 9 185H",1024,1,1,256,1,1,51200,0.0814183
fft1d_staged,FP32,4096,0.692675,false,"pthread-Intel(R) Core(TM) Ultra 9 185H",4096,1,1,256,1,1,245760,0.0946129
fft1d_staged,FP64,4096,1.1336,false,"pthread-Intel(R) Core(TM) Ultra 9 185H",4096,1,1,256,1,1,245760,0.115624
